Workbook

Sheet Summary
A1: Kose Web – Suffolk call list
A2: Businesses with no website on Google Maps (or only social / booking pages). Source: Google Maps (Places API), 16 Oct 2026, cleaned by Kose Web.
A4: Industry | B4: Leads | C4: Checked (Y) | D4: Already has website | E4: Called | F4: Interested / preview sent | G4: Won
A5: Food & drink | B5: =COUNTA('Food & drink'!B:B)-1 -> 300 | C5: =COUNTIF('Food & drink'!O:O,"Y") -> 0 | D5: =COUNTIF('Food & drink'!O:O,"N")+COUNTIF('Food & drink'!Q:Q,"Already has website") -> 0 | E5: =COUNT('Food & drink'!P:P) -> 0 | F5: =COUNTIF('Food & drink'!Q:Q,"Interested - send preview")+COUNTIF('Food & drink'!Q:Q,"Preview sent") -> 0 | G5: =COUNTIF('Food & drink'!Q:Q,"Won") -> 0
A6: Hair & barbers | B6: =COUNTA('Hair & barbers'!B:B)-1 -> 235 | C6: =COUNTIF('Hair & barbers'!O:O,"Y") -> 0 | D6: =COUNTIF('Hair & barbers'!O:O,"N")+COUNTIF('Hair & barbers'!Q:Q,"Already has website") -> 0 | E6: =COUNT('Hair & barbers'!P:P) -> 0 | F6: =COUNTIF('Hair & barbers'!Q:Q,"Interested - send preview")+COUNTIF('Hair & barbers'!Q:Q,"Preview sent") -> 0 | G6: =COUNTIF('Hair & barbers'!Q:Q,"Won") -> 0
A7: Garages & motor | B7: =COUNTA('Garages & motor'!B:B)-1 -> 192 | C7: =COUNTIF('Garages & motor'!O:O,"Y") -> 0 | D7: =COUNTIF('Garages & motor'!O:O,"N")+COUNTIF('Garages & motor'!Q:Q,"Already has website") -> 0 | E7: =COUNT('Garages & motor'!P:P) -> 0 | F7: =COUNTIF('Garages & motor'!Q:Q,"Interested - send preview")+COUNTIF('Garages & motor'!Q:Q,"Preview sent") -> 0 | G7: =COUNTIF('Garages & motor'!Q:Q,"Won") -> 0
A8: Beauty & nails | B8: =COUNTA('Beauty & nails'!B:B)-1 -> 165 | C8: =COUNTIF('Beauty & nails'!O:O,"Y") -> 0 | D8: =COUNTIF('Beauty & nails'!O:O,"N")+COUNTIF('Beauty & nails'!Q:Q,"Already has website") -> 0 | E8: =COUNT('Beauty & nails'!P:P) -> 0 | F8: =COUNTIF('Beauty & nails'!Q:Q,"Interested - send preview")+COUNTIF('Beauty & nails'!Q:Q,"Preview sent") -> 0 | G8: =COUNTIF('Beauty & nails'!Q:Q,"Won") -> 0
A9: Builders & roofers | B9: =COUNTA('Builders & roofers'!B:B)-1 -> 134 | C9: =COUNTIF('Builders & roofers'!O:O,"Y") -> 0 | D9: =COUNTIF('Builders & roofers'!O:O,"N")+COUNTIF('Builders & roofers'!Q:Q,"Already has website") -> 0 | E9: =COUNT('Builders & roofers'!P:P) -> 0 | F9: =COUNTIF('Builders & roofers'!Q:Q,"Interested - send preview")+COUNTIF('Builders & roofers'!Q:Q,"Preview sent") -> 0 | G9: =COUNTIF('Builders & roofers'!Q:Q,"Won") -> 0
A10: Pet care | B10: =COUNTA('Pet care'!B:B)-1 -> 118 | C10: =COUNTIF('Pet care'!O:O,"Y") -> 0 | D10: =COUNTIF('Pet care'!O:O,"N")+COUNTIF('Pet care'!Q:Q,"Already has website") -> 0 | E10: =COUNT('Pet care'!P:P) -> 0 | F10: =COUNTIF('Pet care'!Q:Q,"Interested - send preview")+COUNTIF('Pet care'!Q:Q,"Preview sent") -> 0 | G10: =COUNTIF('Pet care'!Q:Q,"Won") -> 0
A11: Painters & decorators | B11: =COUNTA('Painters & decorators'!B:B)-1 -> 85 | C11: =COUNTIF('Painters & decorators'!O:O,"Y") -> 0 | D11: =COUNTIF('Painters & decorators'!O:O,"N")+COUNTIF('Painters & decorators'!Q:Q,"Already has website") -> 0 | E11: =COUNT('Painters & decorators'!P:P) -> 0 | F11: =COUNTIF('Painters & decorators'!Q:Q,"Interested - send preview")+COUNTIF('Painters & decorators'!Q:Q,"Preview sent") -> 0 | G11: =COUNTIF('Painters & decorators'!Q:Q,"Won") -> 0
A12: Cleaning | B12: =COUNTA(Cleaning!B:B)-1 -> 71 | C12: =COUNTIF(Cleaning!O:O,"Y") -> 0 | D12: =COUNTIF(Cleaning!O:O,"N")+COUNTIF(Cleaning!Q:Q,"Already has website") -> 0 | E12: =COUNT(Cleaning!P:P) -> 0 | F12: =COUNTIF(Cleaning!Q:Q,"Interested - send preview")+COUNTIF(Cleaning!Q:Q,"Preview sent") -> 0 | G12: =COUNTIF(Cleaning!Q:Q,"Won") -> 0
A13: Gardening & landscaping | B13: =COUNTA('Gardening & landscaping'!B:B)-1 -> 68 | C13: =COUNTIF('Gardening & landscaping'!O:O,"Y") -> 0 | D13: =COUNTIF('Gardening & landscaping'!O:O,"N")+COUNTIF('Gardening & landscaping'!Q:Q,"Already has website") -> 0 | E13: =COUNT('Gardening & landscaping'!P:P) -> 0 | F13: =COUNTIF('Gardening & landscaping'!Q:Q,"Interested - send preview")+COUNTIF('Gardening & landscaping'!Q:Q,"Preview sent") -> 0 | G13: =COUNTIF('Gardening & landscaping'!Q:Q,"Won") -> 0
A14: Electricians | B14: =COUNTA(Electricians!B:B)-1 -> 66 | C14: =COUNTIF(Electricians!O:O,"Y") -> 0 | D14: =COUNTIF(Electricians!O:O,"N")+COUNTIF(Electricians!Q:Q,"Already has website") -> 0 | E14: =COUNT(Electricians!P:P) -> 0 | F14: =COUNTIF(Electricians!Q:Q,"Interested - send preview")+COUNTIF(Electricians!Q:Q,"Preview sent") -> 0 | G14: =COUNTIF(Electricians!Q:Q,"Won") -> 0
A15: Plumbing & heating | B15: =COUNTA('Plumbing & heating'!B:B)-1 -> 61 | C15: =COUNTIF('Plumbing & heating'!O:O,"Y") -> 0 | D15: =COUNTIF('Plumbing & heating'!O:O,"N")+COUNTIF('Plumbing & heating'!Q:Q,"Already has website") -> 0 | E15: =COUNT('Plumbing & heating'!P:P) -> 0 | F15: =COUNTIF('Plumbing & heating'!Q:Q,"Interested - send preview")+COUNTIF('Plumbing & heating'!Q:Q,"Preview sent") -> 0 | G15: =COUNTIF('Plumbing & heating'!Q:Q,"Won") -> 0
A16: Tattoo & piercing | B16: =COUNTA('Tattoo & piercing'!B:B)-1 -> 57 | C16: =COUNTIF('Tattoo & piercing'!O:O,"Y") -> 0 | D16: =COUNTIF('Tattoo & piercing'!O:O,"N")+COUNTIF('Tattoo & piercing'!Q:Q,"Already has website") -> 0 | E16: =COUNT('Tattoo & piercing'!P:P) -> 0 | F16: =COUNTIF('Tattoo & piercing'!Q:Q,"Interested - send preview")+COUNTIF('Tattoo & piercing'!Q:Q,"Preview sent") -> 0 | G16: =COUNTIF('Tattoo & piercing'!Q:Q,"Won") -> 0
A17: Fitness & driving | B17: =COUNTA('Fitness & driving'!B:B)-1 -> 56 | C17: =COUNTIF('Fitness & driving'!O:O,"Y") -> 0 | D17: =COUNTIF('Fitness & driving'!O:O,"N")+COUNTIF('Fitness & driving'!Q:Q,"Already has website") -> 0 | E17: =COUNT('Fitness & driving'!P:P) -> 0 | F17: =COUNTIF('Fitness & driving'!Q:Q,"Interested - send preview")+COUNTIF('Fitness & driving'!Q:Q,"Preview sent") -> 0 | G17: =COUNTIF('Fitness & driving'!Q:Q,"Won") -> 0
A18: Locksmiths & handymen | B18: =COUNTA('Locksmiths & handymen'!B:B)-1 -> 40 | C18: =COUNTIF('Locksmiths & handymen'!O:O,"Y") -> 0 | D18: =COUNTIF('Locksmiths & handymen'!O:O,"N")+COUNTIF('Locksmiths & handymen'!Q:Q,"Already has website") -> 0 | E18: =COUNT('Locksmiths & handymen'!P:P) -> 0 | F18: =COUNTIF('Locksmiths & handymen'!Q:Q,"Interested - send preview")+COUNTIF('Locksmiths & handymen'!Q:Q,"Preview sent") -> 0 | G18: =COUNTIF('Locksmiths & handymen'!Q:Q,"Won") -> 0
A19: Florists & gifts | B19: =COUNTA('Florists & gifts'!B:B)-1 -> 12 | C19: =COUNTIF('Florists & gifts'!O:O,"Y") -> 0 | D19: =COUNTIF('Florists & gifts'!O:O,"N")+COUNTIF('Florists & gifts'!Q:Q,"Already has website") -> 0 | E19: =COUNT('Florists & gifts'!P:P) -> 0 | F19: =COUNTIF('Florists & gifts'!Q:Q,"Interested - send preview")+COUNTIF('Florists & gifts'!Q:Q,"Preview sent") -> 0 | G19: =COUNTIF('Florists & gifts'!Q:Q,"Won") -> 0
A20: Total | B20: =SUM(B5:B19) -> 1660 | C20: =SUM(C5:C19) -> 0 | D20: =SUM(D5:D19) -> 0 | E20: =SUM(E5:E19) -> 0 | F20: =SUM(F5:F19) -> 0 | G20: =SUM(G5:G19) -> 0
A22: How to use
A23: • Each industry has its own tab, ranked best lead first (busy, good rating, mobile number, no website at all).
A24: • Green rows = your first 8 leads (already researched, see Notes).
A25: • Red "Check first" text = a similar name has a website somewhere, so look it up before calling.
A26: • Yellow columns are for you to fill in. Example: Checked = Y · Called = 17/10/2026 · Outcome = Call back · Notes = "Owner Dave, ring Mon 3pm".
A27: • Checked = N means you found a website, so it counts as "Already has website".
A28: • The "All leads" tab is a separate copy. Log calls on the industry tabs so the totals above stay right.
A29: • Always do a quick Google search of the exact name + town before calling.

Sheet Food & drink
A1: Rank | B1: Business name | C1: Category | D1: Phone | E1: Website status | F1: Website | G1: Check first | H1: Rating | I1: Reviews | J1: Town | K1: Postcode | L1: Address | M1: Best time to call | N1: Google Maps | O1: Checked no website? (Y/N) | P1: Called (date) | Q1: Outcome | R1: Notes
A2: 1 | B2: Bella Sorrento | C2: Italian restaurant | D2: 07522 199382 | E2: Social / booking page only | F2: http://www.facebook.com/bellasorrentostowmarket | H2: 4.6 | I2: 225 | J2: Stowmarket | K2: IP14 1DP | L2: 16 Market Pl, Stowmarket IP14 1DP | M2: 2:30–4:30pm (between lunch & dinner), or ~10am | N2: Open map | R2: First list. Preview built: bella-sorrento-preview.vercel.app
A3: 2 | B3: The Hidden Garden Cafe Ipswich | C3: Coffee Shop | D3: 07951 965152 | E3: None | H3: 5 | I3: 23 | J3: Ipswich | K3: IP1 1XF | L3: 15 St Peter's St, Ipswich IP1 1XF | M3: 2:30–4:30pm (between lunch & dinner), or ~10am | N3: Open map | R3: First list (Karen). Workshops/jazz nights, nowhere to list events
A4: 3 | B4: Golden Garden | C4: Chinese takeaway | D4: 01449 613389 | E4: None | H4: 4.3 | I4: 100 | J4: Stowmarket | L4: 4 Wolsey Rd, Stowmarket | M4: 2:30–4:30pm (between lunch & dinner), or ~10am | R4: First list. Phone orders only. Not picked up by the Google search
A5: 4 | B5: Stowupland Fish & Chip Shop | C5: Takeaway | D5: 07849 055080 | E5: None | H5: 4.7 | I5: 400 | J5: Stowmarket | K5: IP14 4AD | L5: Thorney Grn, Stowupland, Stowmarket IP14 4AD | M5: 2:30–4:30pm (between lunch & dinner), or ~10am | N5: Open map
A6: 5 | B6: Wilcrofts Cafe | C6: Cafe | D6: 07931 241268 | E6: None | H6: 4.6 | I6: 386 | J6: Bury Saint Edmunds | K6: IP33 1EB | L6: 13 Brentgovel St, Bury St Edmunds, Bury Saint Edmunds IP33 1EB | M6: 2:30–4:30pm (between lunch & dinner), or ~10am | N6: Open map
A7: 6 | B7: Cafe Kottani | C7: Cafe | D7: 07766 352972 | E7: None | H7: 4.7 | I7: 343 | J7: Bury Saint Edmunds | K7: IP33 1DW | L7: 30 Butter Market, Bury St Edmunds, Bury Saint Edmunds IP33 1DW | M7: 2:30–4:30pm (between lunch & dinner), or ~10am | N7: Open map
A8: 7 | B8: The Chippy | C8: Takeaway | D8: 07716 795854 | E8: None | H8: 4.6 | I8: 321 | J8: Lowestoft | K8: NR33 0BB | L8: 174-176 London Rd S, Lowestoft NR33 0BB | M8: 2:30–4:30pm (between lunch & dinner), or ~10am | N8: Open map
A9: 8 | B9: Cumberland Fish Bar | C9: Fish & chips shop | D9: 01394 382608 | E9: None | H9: 4.5 | I9: 385 | J9: Woodbridge | K9: IP12 4AB | L9: 2 Cumberland St, Woodbridge IP12 4AB | M9: 2:30–4:30pm (between lunch & dinner), or ~10am | N9: Open map
A10: 9 | B10: Starburger | C10: Restaurant | D10: 01440 714148 | E10: None | H10: 4.7 | I10: 366 | J10: Haverhill | K10: CB9 9DZ | L10: 7 Queen St, Haverhill CB9 9DZ | M10: 2:30–4:30pm (between lunch & dinner), or ~10am | N10: Open map
A11: 10 | B11: Street Cafe | C11: Cafe | D11: 01638 428099 | E11: None | H11: 4.6 | I11: 363 | J11: Newmarket | K11: CB8 8JH | L11: 81 High St, Newmarket CB8 8JH | M11: 2:30–4:30pm (between lunch & dinner), or ~10am | N11: Open map
A12: 11 | B12: Orwell Fish & Chips | C12: Takeaway | D12: 01394 813813 | E12: None | H12: 4.9 | I12: 346 | J12: Felixstowe | K12: IP11 7NY | L12: 9-11 Orwell Rd, Felixstowe IP11 7NY | M12: 2:30–4:30pm (between lunch & dinner), or ~10am | N12: Open map
A13: 12 | B13: Gulliver's Wife Café | C13: Cafe | D13: 01394 285626 | E13: None | H13: 4.8 | I13: 334 | J13: Felixstowe | K13: IP11 2AH | L13: 47 Undercliff Rd W, Felixstowe IP11 2AH | M13: 2:30–4:30pm (between lunch & dinner), or ~10am | N13: Open map
A14: 13 | B14: The Rampant Horse Inn | C14: Pub | D14: 01449 722044 | E14: None | H14: 4.6 | I14: 311 | J14: Ipswich | K14: IP6 8AU | L14: Coddenham Rd, Needham Market, Ipswich IP6 8AU | M14: 2:30–4:30pm (between lunch & dinner), or ~10am | N14: Open map
A15: 14 | B15: The Cock Inn | C15: Pub | D15: 07751 842829 | E15: Social / booking page only | F15: https://linktr.ee/thecockinnclare | H15: 4.6 | I15: 287 | J15: Sudbury | K15: CO10 8PX | L15: 3 Callis St, Clare, Sudbury CO10 8PX | M15: 2:30–4:30pm (between lunch & dinner), or ~10am | N15: Open map
A16: 15 | B16: Valley Way Fish & Chips | C16: Takeaway | D16: 01638 331087 | E16: None | H16: 4.8 | I16: 280 | J16: Newmarket | K16: CB8 0QL | L16: 78 Valley Way, Newmarket CB8 0QL | M16: 2:30–4:30pm (between lunch & dinner), or ~10am | N16: Open map
A17: 16 | B17: Mrs T's Fish & Chips | C17: Takeaway | D17: 07777 380982 | E17: None | H17: 4.7 | I17: 808 | J17: Blackshore | K17: IP18 6TA | L17: Southwold Hbr, Southwold, Blackshore IP18 6TA | M17: 2:30–4:30pm (between lunch & dinner), or ~10am | N17: Open map
A18: 17 | B18: Gun Hill Beach Kiosk | C18: Cafe | D18: 07446 023879 | E18: None | H18: 4.6 | I18: 581 | J18: Southwold | K18: IP18 6HF | L18: Southwold IP18 6HF | M18: 2:30–4:30pm (between lunch & dinner), or ~10am | N18: Open map
A19: 18 | B19: The Tea Shed Cafe, Restaurant | C19: Coffee Shop | D19: 07429 081962 | E19: None | H19: 4.5 | I19: 403 | J19: Southwold | K19: IP18 6TT | L19: The Green, Walberswick, Southwold IP18 6TT | M19: 2:30–4:30pm (between lunch & dinner), or ~10am | N19: Open map
A20: 19 | B20: The Ram | C20: Hotel | D20: 01842 810275 | E20: None | H20: 4.2 | I20: 363 | J20: Brandon | K20: IP27 0AX | L20: High St, Brandon IP27 0AX | M20: 2:30–4:30pm (between lunch & dinner), or ~10am | N20: Open map
A21: 20 | B21: White Horse Felixstowe | C21: Pub | D21: 01394 277496 | E21: None | H21: 4.2 | I21: 350 | J21: Felixstowe | K21: IP11 9NF | L21: 33 Church Rd, Felixstowe IP11 9NF | M21: 2:30–4:30pm (between lunch & dinner), or ~10am | N21: Open map
A22: 21 | B22: Melton Fish Bar | C22: Fish & chips shop | D22: 01394 382319 | E22: None | H22: 4.3 | I22: 339 | J22: Woodbridge | K22: IP12 1PT | L22: 1 Station Rd, Melton, Woodbridge IP12 1PT | M22: 2:30–4:30pm (between lunch & dinner), or ~10am | N22: Open map
A23: 22 | B23: Beccles Fish Bar | C23: Takeaway | D23: 01502 717306 | E23: None | H23: 4.3 | I23: 310 | J23: Beccles | K23: NR34 9AD | L23: 21 Smallgate, Beccles NR34 9AD | M23: 2:30–4:30pm (between lunch & dinner), or ~10am | N23: Open map
A24: 23 | B24: Eye Fish & Chip Shop | C24: Takeaway | D24: 01379 308680 | E24: None | H24: 4.5 | I24: 258 | J24: Eye | K24: IP23 7AG | L24: 6 Lambseth St, Eye IP23 7AG | M24: 2:30–4:30pm (between lunch & dinner), or ~10am | N24: Open map
A25: 24 | B25: Dolphin fish bar and restaurant | C25: Takeaway | D25: 01502 581441 | E25: None | H25: 4.3 | I25: 282 | J25: Lowestoft | K25: NR32 2AG | L25: 117 Bevan St E, Lowestoft NR32 2AG | M25: 2:30–4:30pm (between lunch & dinner), or ~10am | N25: Open map
A26: 25 | B26: Buttercross Garden Cafe | C26: Cafe | D26: 01986 513210 | E26: None | H26: 4.4 | I26: 280 | J26: Bungay | K26: NR35 1AU | L26: 6 Cross St, Bungay NR35 1AU | M26: 2:30–4:30pm (between lunch & dinner), or ~10am | N26: Open map
A27: 26 | B27: Has Bond's & Son | C27: Takeaway | D27: 07467 388083 | E27: None | H27: 4.6 | I27: 187 | J27: Ipswich | K27: IP6 8AG | L27: 2 Bridge St, Needham Market, Ipswich IP6 8AG | M27: 2:30–4:30pm (between lunch & dinner), or ~10am | N27: Open map
A28: 27 | B28: J's Traditional Fish & Chips at Crown Point | C28: Takeaway | D28: 07746 513941 | E28: None | H28: 4.2 | I28: 489 | J28: Ipswich | K28: IP12 4RX | L28: Crown Point Felixstowe Road Martlesham Woodbridge, Martlesham, Ipswich IP12 4RX | M28: 2:30–4:30pm (between lunch & dinner), or ~10am | N28: Open map
A29: 28 | B29: Four Three Pizza | C29: Pizza restaurant | D29: 01394 447319 | E29: Social / booking page only | F29: https://www.facebook.com/Four-Three-Pizza-100283511805681/ | H29: 4.8 | I29: 370 | J29: Felixstowe | K29: IP11 2AD | L29: 49 Undercliff Rd W, Felixstowe IP11 2AD | M29: 2:30–4:30pm (between lunch & dinner), or ~10am | N29: Open map
A30: 29 | B30: The Stables Coffee Shop & Sandwich Bar | C30: Coffee Shop | D30: 01473 736444 | E30: Social / booking page only | F30: https://www.facebook.com/thestablescoffeeshop/ | H30: 4.5 | I30: 346 | J30: Ipswich | K30: IP10 0BJ | L30: Brightwell Barns, Ipswich Rd, Ipswich IP10 0BJ | M30: 2:30–4:30pm (between lunch & dinner), or ~10am | N30: Open map
A31: 30 | B31: Flying Fifteens | C31: Tea room | D31: 01502 588422 | E31: Social / booking page only | F31: https://www.facebook.com/theflyingfifteens/ | H31: 4.6 | I31: 340 | J31: Lowestoft | K31: NR33 0QG | L31: 19A Esplanade, Lowestoft NR33 0QG | M31: 2:30–4:30pm (between lunch & dinner), or ~10am | N31: Open map
A32: 31 | B32: Trawler’s Catch | C32: Takeaway | D32: 01728 605741 | E32: Social / booking page only | F32: https://www.facebook.com/TrawlersCatchSax/ | H32: 4.5 | I32: 326 | J32: Saxmundham | K32: IP17 1AJ | L32: 37 High St, Saxmundham IP17 1AJ | M32: 2:30–4:30pm (between lunch & dinner), or ~10am | N32: Open map
A33: 32 | B33: Bell Inn Kesgrave | C33: Pub | D33: 01473 622045 | E33: Social / booking page only | F33: https://www.facebook.com/pages/The-Bell-Kesgrave/434304113268813 | H33: 4.5 | I33: 303 | J33: Ipswich | K33: IP5 1AA | L33: 129 Main Rd, Kesgrave, Ipswich IP5 1AA | M33: 2:30–4:30pm (between lunch & dinner), or ~10am | N33: Open map
A34: 33 | B34: Centre Cafe | C34: Cafe | D34: 01842 811132 | E34: None | H34: 4.6 | I34: 242 | J34: Brandon | K34: IP27 0AQ | L34: 43, 41A High St, Brandon IP27 0AQ | M34: 2:30–4:30pm (between lunch & dinner), or ~10am | N34: Open map
A35: 34 | B35: Peyton Plaice | C35: Takeaway | D35: 01284 766118 | E35: None | H35: 4.5 | I35: 230 | J35: Bury Saint Edmunds | K35: IP32 7BE | L35: Unit 1a, Barton Business Centre, Barton Rd, Bury St Edmunds, Bury Saint Edmunds IP32 7BE | M35: 2:30–4:30pm (between lunch & dinner), or ~10am | N35: Open map
A36: 35 | B36: West End Fish & Chips | C36: Takeaway | D36: 01284 703523 | E36: None | H36: 4.6 | I36: 229 | J36: Bury Saint Edmunds | K36: IP33 3NZ | L36: 2 Out Westgate, Bury St Edmunds, Bury Saint Edmunds IP33 3NZ | M36: 2:30–4:30pm (between lunch & dinner), or ~10am | N36: Open map
A37: 36 | B37: Weavers Tea Room | C37: Tea room | D37: 01728 660548 | E37: None | H37: 4.8 | I37: 226 | J37: Saxmundham | K37: IP17 2JE | L37: 2 The Knoll, Peasenhall, Saxmundham IP17 2JE | M37: 2:30–4:30pm (between lunch & dinner), or ~10am | N37: Open map
A38: 37 | B38: Duncans Bakery | C38: Bakery | D38: 01473 626828 | E38: None | H38: 4.9 | I38: 224 | J38: Ipswich | K38: IP5 3SL | L38: The Square, Martlesham Heath, Martlesham, Ipswich IP5 3SL | M38: 2:30–4:30pm (between lunch & dinner), or ~10am | N38: Open map
A39: 38 | B39: Doh Pizzeria | C39: Pizza restaurant | D39: 01502 473888 | E39: None | H39: 4.7 | I39: 223 | J39: Southwold | K39: IP18 6DJ | L39: 51A High St, Southwold IP18 6DJ | M39: 2:30–4:30pm (between lunch & dinner), or ~10am | N39: Open map
A40: 39 | B40: Golden Fish | C40: Takeaway | D40: 01502 561307 | E40: Social / booking page only | F40: https://www.facebook.com/goldenfishlowestoft | H40: 4.6 | I40: 279 | J40: Lowestoft | K40: NR33 7JG | L40: 16 Blackheath Rd, Lowestoft NR33 7JG | M40: 2:30–4:30pm (between lunch & dinner), or ~10am | N40: Open map
A41: 40 | B41: Manning’s Fish Bar | C41: Takeaway | D41: 01394 813285 | E41: None | H41: 4.3 | I41: 249 | J41: Felixstowe | K41: IP11 2DN | L41: Mannings Amusement Park, Sea Rd, Felixstowe IP11 2DN | M41: 2:30–4:30pm (between lunch & dinner), or ~10am | N41: Open map
A42: 41 | B42: Golden Fish Bar | C42: Takeaway | D42: 01728 602210 | E42: None | H42: 4.4 | I42: 249 | J42: Saxmundham | K42: IP17 1DG | L42: 1 S Entrance, Saxmundham IP17 1DG | M42: 2:30–4:30pm (between lunch & dinner), or ~10am | N42: Open map
A43: 42 | B43: Delphine's | C43: Diner | D43: 01728 452917 | E43: None | H43: 4.5 | I43: 218 | J43: Aldeburgh | K43: IP15 5AB | L43: 76-78 High St, Aldeburgh IP15 5AB | M43: 2:30–4:30pm (between lunch & dinner), or ~10am | N43: Open map
A44: 43 | B44: Walkers Snacks | C44: Sandwich shop | D44: 01638 715118 | E44: None | H44: 4.5 | I44: 1581 | J44: Bury Saint Edmunds | K44: IP28 6AE | L44: A1065 Barton Mills, Bury St Edmunds, Mildenhall, Bury Saint Edmunds IP28 6AE | M44: 2:30–4:30pm (between lunch & dinner), or ~10am | N44: Open map
A45: 44 | B45: Regal | C45: Takeaway | D45: 01394 273977 | E45: None | H45: 4.6 | I45: 1531 | J45: Felixstowe | K45: IP11 2DH | L45: Sea Rd, Felixstowe IP11 2DH | M45: 2:30–4:30pm (between lunch & dinner), or ~10am | N45: Open map
A46: 45 | B46: The Red Lodge Steakhouse & Bar | C46: Steak house | D46: 01638 750531 | E46: None | H46: 4.5 | I46: 1046 | J46: Bury Saint Edmunds | K46: IP28 8LB | L46: 70 Turnpike Rd, Red Lodge, Bury Saint Edmunds IP28 8LB | M46: 2:30–4:30pm (between lunch & dinner), or ~10am | N46: Open map
A47: 46 | B47: Lighthouse Diner | C47: Cafe | D47: 01502 588791 | E47: None | H47: 4.6 | I47: 927 | J47: Lowestoft | K47: NR32 1UL | L47: 383 Whapload Rd, Lowestoft NR32 1UL | M47: 2:30–4:30pm (between lunch & dinner), or ~10am | N47: Open map
A48: 47 | B48: Huffers Cafe Restaurants | C48: Cafe | D48: 01787 881919 | E48: None | H48: 4.6 | I48: 804 | J48: Sudbury | K48: CO10 2EQ | L48: 32 King St, Sudbury CO10 2EQ | M48: 2:30–4:30pm (between lunch & dinner), or ~10am | N48: Open map
A49: 48 | B49: Pakefield Plaice | C49: Takeaway | D49: 01502 538333 | E49: None | H49: 4.5 | I49: 685 | J49: Lowestoft | K49: NR33 0JS | L49: Suffolk County, 65 Pakefield St, Pakefield, Lowestoft NR33 0JS | M49: 2:30–4:30pm (between lunch & dinner), or ~10am | N49: Open map
A50: 49 | B50: Beach Fish & Chip Shop | C50: Takeaway | D50: 01502 743055 | E50: None | H50: 4.5 | I50: 622 | J50: Lowestoft | K50: NR33 7SF | L50: 224 Church Rd, Kessingland, Lowestoft NR33 7SF | M50: 2:30–4:30pm (between lunch & dinner), or ~10am | N50: Open map
A51: 50 | B51: The Waterfront | C51: Restaurant | D51: 01502 741525 | E51: None | H51: 4.5 | I51: 608 | J51: Lowestoft | K51: NR33 7SB | L51: 310 Church Rd, Kessingland, Lowestoft NR33 7SB | M51: 2:30–4:30pm (between lunch & dinner), or ~10am | N51: Open map
A52: 51 | B52: Il Salvatore | C52: Italian restaurant | D52: 01842 669575 | E52: None | H52: 4.9 | I52: 509 | J52: Brandon | K52: IP27 9DT | L52: 2 Mill Rd, Lakenheath, Brandon IP27 9DT | M52: 2:30–4:30pm (between lunch & dinner), or ~10am | N52: Open map
... A57: 56 | B57: No. 142 Café & Bar | C57: Cafe | D57: 01502 390175 | E57: None | H57: 4.6 | I57: 439 | J57: Lowestoft | K57: NR33 9JT | L57: Cafe & Bar, 142 Bridge Rd, Lowestoft NR33 9JT | M57: 2:30–4:30pm (between lunch & dinner), or ~10am | N57: Open map
A58: 57 | B58: Fishermans Wharf | C58: Pub | D58: 01502 512793 | E58: Social / booking page only | F58: https://www.facebook.com/fishermans.wharf.1/ | H58: 4.2 | I58: 393 | J58: Lowestoft | K58: NR33 0AE | L58: South Pier, Royal Plain, Lowestoft NR33 0AE | M58: 2:30–4:30pm (between lunch & dinner), or ~10am | N58: Open map
A59: 58 | B59: Bosphorus woodbridge | C59: Mediterranean restaurant | D59: 01394 336000 | E59: None | H59: 4.9 | I59: 210 | J59: Woodbridge | K59: IP12 1DD | L59: 14 Gobbitts Yard, Woodbridge IP12 1DD | M59: 2:30–4:30pm (between lunch & dinner), or ~10am | N59: Open map
A60: 59 | B60: OLD SCHOOL COFFEE | C60: Coffee Shop | D60: 07411 918696 | E60: None | H60: 4.9 | I60: 148 | J60: Beccles | K60: NR34 9QB | L60: 33a Newgate, Beccles NR34 9QB | M60: 2:30–4:30pm (between lunch & dinner), or ~10am | N60: Open map
A61: 60 | B61: Mrs Pipers | C61: Cafe | D61: 01394 385633 | E61: None | H61: 4.4 | I61: 237 | J61: Woodbridge | K61: IP12 1AH | L61: 65 Thoroughfare, Woodbridge IP12 1AH | M61: 2:30–4:30pm (between lunch & dinner), or ~10am | N61: Open map
A62: 61 | B62: The Greek’s Flavour | C62: Greek restaurant | D62: 07783 477491 | E62: None | H62: 4.8 | I62: 146 | J62: Newmarket | K62: CB8 0QL | L62: 82 Valley Way, Newmarket CB8 0QL | M62: 2:30–4:30pm (between lunch & dinner), or ~10am | N62: Open map
A63: 62 | B63: Vera Gs Cakes & Teas | C63: Tea room | D63: 07513 404111 | E63: None | H63: 4.9 | I63: 143 | J63: Lowestoft | K63: NR32 4HW | L63: St Margarets Rd, Lowestoft NR32 4HW | M63: 2:30–4:30pm (between lunch & dinner), or ~10am | N63: Open map
A64: 63 | B64: The Neathouse | C64: Cafe | D64: 01728 638957 | E64: Social / booking page only | F64: http://www.facebook.com/theneathouse | H64: 4.7 | I64: 255 | J64: Woodbridge | K64: IP13 8DD | L64: The Village Green, Dennington, Woodbridge IP13 8DD | M64: 2:30–4:30pm (between lunch & dinner), or ~10am | N64: Open map
A65: 64 | B65: Wok Wraps | C65: Takeaway | D65: 07904 365260 | E65: Social / booking page only | F65: https://www.just-eat.co.uk/restaurants-wok-wraps-felixstowe | H65: 4.1 | I65: 222 | J65: Felixstowe | K65: IP11 2GN | L65: UNIT 19, @ Beach Street, Micklegate Rd, Felixstowe IP11 2GN | M65: 2:30–4:30pm (between lunch & dinner), or ~10am | N65: Open map
A66: 65 | B66: Framlingham Market | C66: Market | D66: 07815 891963 | E66: Social / booking page only | F66: http://www.facebook.com/framlingham | H66: 4.4 | I66: 219 | J66: Woodbridge | K66: IP13 9AY | L66: Market Hill Framlingham, Market Hill, Framlingham, Woodbridge IP13 9AY | M66: 2:30–4:30pm (between lunch & dinner), or ~10am | N66: Open map
A67: 66 | B67: Cliff Top Cafe | C67: Cafe | D67: 01394 670256 | E67: None | H67: 4.7 | I67: 195 | J67: Felixstowe | K67: IP11 7LR | L67: Cobbold Rd, Felixstowe IP11 7LR | M67: 2:30–4:30pm (between lunch & dinner), or ~10am | N67: Open map
A68: 67 | B68: River Green Cafe and Deli | C68: Deli | D68: 01728 860430 | E68: Social / booking page only | F68: https://www.facebook.com/rivergreencafeanddeli/ | H68: 4.7 | I68: 248 | J68: Stowmarket | K68: IP14 6RW | L68: Cross Grn, Debenham, Stowmarket IP14 6RW | M68: 2:30–4:30pm (between lunch & dinner), or ~10am | N68: Open map
A69: 68 | B69: Butchers Arms | C69: Pub | D69: 01502 712243 | E69: Social / booking page only | F69: https://www.facebook.com/profile.php?id=100026943405747 | H69: 4.7 | I69: 244 | J69: Beccles | K69: NR34 9YT | L69: The Butchers Arms, London Rd, Beccles NR34 9YT | M69: 2:30–4:30pm (between lunch & dinner), or ~10am | N69: Open map
A70: 69 | B70: The Village Fryer | C70: Takeaway | D70: 01502 740641 | E70: None | H70: 4.3 | I70: 217 | J70: Lowestoft | K70: NR33 7QA | L70: 50 Field Ln, Kessingland, Lowestoft NR33 7QA | M70: 2:30–4:30pm (between lunch & dinner), or ~10am | N70: Open map
A71: 70 | B71: Framlingham Fish Bar | C71: Restaurant | D71: 01728 723643 | E71: None | H71: 4.4 | I71: 214 | J71: Woodbridge | K71: IP13 9EJ | L71: College Rd, Framlingham, Woodbridge IP13 9EJ | M71: 2:30–4:30pm (between lunch & dinner), or ~10am | N71: Open map
A72: 71 | B72: Bigods Kitchen | C72: Cafe | D72: 01986 896567 | E72: None | H72: 4.7 | I72: 188 | J72: Bungay | K72: NR35 1DD | L72: 10 Castle Orchard, Bungay NR35 1DD | M72: 2:30–4:30pm (between lunch & dinner), or ~10am | N72: Open map
A73: 72 | B73: doffys vintage tea room | C73: Tea room | D73: 07579 028924 | E73: None | H73: 4.8 | I73: 125 | J73: Haverhill | K73: CB9 9EF | L73: 10 Queen St, Haverhill CB9 9EF | M73: 2:30–4:30pm (between lunch & dinner), or ~10am | N73: Open map
A74: 73 | B74: Beach Cafe | C74: Cafe | D74: 07828 093203 | E74: None | H74: 4.9 | I74: 124 | J74: Lowestoft | K74: NR33 0DR | L74: 173 London Rd S, Lowestoft NR33 0DR | M74: 2:30–4:30pm (between lunch & dinner), or ~10am | N74: Open map
A75: 74 | B75: Cafe Viva Pizzeria | C75: Cafe | D75: 01787 373632 | E75: Social / booking page only | F75: https://www.facebook.com/cafevivapizzeria/ | H75: 4.5 | I75: 243 | J75: Sudbury | K75: CO10 2EQ | L75: 36 King St, Sudbury CO10 2EQ | M75: 2:30–4:30pm (between lunch & dinner), or ~10am | N75: Open map
A76: 75 | B76: M A's Airfield Diner | C76: Cafe | D76: 01502 712118 | E76: Social / booking page only | F76: https://www.facebook.com/pages/category/Cafe/Airfield-Diner-440484602669325/ | H76: 4.6 | I76: 240 | J76: Beccles | K76: NR34 7TH | L76: Sandpit Ln, Ellough, Beccles NR34 7TH | M76: 2:30–4:30pm (between lunch & dinner), or ~10am | N76: Open map
A77: 76 | B77: The Flaming Fryer Fish & Chips | C77: Takeaway | D77: 01728 901222 | E77: None | H77: 4.4 | I77: 208 | J77: Woodbridge | K77: IP13 0RA | L77: 75 High St, Wickham Market, Woodbridge IP13 0RA | M77: 2:30–4:30pm (between lunch & dinner), or ~10am | N77: Open map
A78: 77 | B78: Mighty Mug Cafe | C78: Cafe | D78: 01638 331101 | E78: None | H78: 4.9 | I78: 183 | J78: Bury Saint Edmunds | K78: IP28 8XQ | L78: Bellflower Cres, Red Lodge, Bury Saint Edmunds IP28 8XQ | M78: 2:30–4:30pm (between lunch & dinner), or ~10am | N78: Open map
A79: 78 | B79: Fircroft Fish Bar | C79: Takeaway | D79: 01473 464277 | E79: None | H79: 4.5 | I79: 183 | J79: Ipswich | K79: IP1 6PT | L79: 155 Fircroft Rd, Ipswich IP1 6PT | M79: 2:30–4:30pm (between lunch & dinner), or ~10am | N79: Open map
A80: 79 | B80: Wally's Shed Café | C80: Cafe | D80: 01787 375429 | E80: None | H80: 4.5 | I80: 181 | J80: Sudbury | K80: CO10 0BB | L80: 1 Melford Rd, Acton, Sudbury CO10 0BB | M80: 2:30–4:30pm (between lunch & dinner), or ~10am | N80: Open map
A81: 80 | B81: Assington Farm Shop | C81: Food Shop | D81: 01787 211610 | E81: None | H81: 4.6 | I81: 177 | J81: Sudbury | K81: CO10 5LW | L81: The St, Assington, Sudbury CO10 5LW | M81: 2:30–4:30pm (between lunch & dinner), or ~10am | N81: Open map
A82: 81 | B82: Fish 'n' Chips | C82: Takeaway | D82: 01502 569437 | E82: None | H82: 4.4 | I82: 203 | J82: Lowestoft | K82: NR32 3DQ | L82: Gresham Ave, Lowestoft NR32 3DQ | M82: 2:30–4:30pm (between lunch & dinner), or ~10am | N82: Open map
A83: 82 | B83: Stow Fish Bar | C83: Takeaway | D83: 01449 616001 | E83: None | H83: 4.7 | I83: 175 | J83: Stowmarket | K83: IP14 1RH | L83: 4A Regent St, Stowmarket IP14 1RH | M83: 2:30–4:30pm (between lunch & dinner), or ~10am | N83: Open map
A84: 83 | B84: IVY & BOND Tea Cosy & Coffee | C84: Cafe | D84: 07595 225063 | E84: None | H84: 4.6 | I84: 115 | J84: Sudbury | K84: CO10 9QT | L84: 25 Church St, Lavenham, Sudbury CO10 9QT | M84: 2:30–4:30pm (between lunch & dinner), or ~10am | N84: Open map
A85: 84 | B85: The Mardle Cafe | C85: Cafe | D85: 01502 730820 | E85: Social / booking page only | F85: https://www.facebook.com/MardleCafe | H85: 4.7 | I85: 229 | J85: Lowestoft | K85: NR32 5LP | L85: 51 The St, Lound, Lowestoft NR32 5LP | M85: 2:30–4:30pm (between lunch & dinner), or ~10am | N85: Open map
A86: 85 | B86: The Golden Panda | C86: Chinese restaurant | D86: 01394 384493 | E86: None | H86: 4.2 | I86: 201 | J86: Woodbridge | K86: IP12 4AH | L86: 3 Cumberland St, Woodbridge IP12 4AH | M86: 2:30–4:30pm (between lunch & dinner), or ~10am | N86: Open map
A87: 86 | B87: The Railway Inn | C87: Pub | D87: 01728 724760 | E87: None | H87: 4.4 | I87: 199 | J87: Woodbridge | K87: IP13 9EA | L87: 9 Station Rd, Framlingham, Woodbridge IP13 9EA | M87: 2:30–4:30pm (between lunch & dinner), or ~10am | N87: Open map
A88: 87 | B88: The Old Bank | C88: Tea room | D88: 01986 894050 | E88: None | H88: 4.7 | I88: 167 | J88: Bungay | K88: NR35 1AR | L88: 8 Market Pl, Bungay NR35 1AR | M88: 2:30–4:30pm (between lunch & dinner), or ~10am | N88: Open map
A89: 88 | B89: Lake Avenue Fish Bar | C89: Takeaway | D89: 01284 754583 | E89: None | H89: 4.6 | I89: 164 | J89: Bury Saint Edmunds | K89: IP32 6HZ | L89: 8, South Parade, Lake Ave, Bury St Edmunds, Bury Saint Edmunds IP32 6HZ | M89: 2:30–4:30pm (between lunch & dinner), or ~10am | N89: Open map
A90: 89 | B90: Desi Food Junction | C90: Food Court | D90: 07800 626361 | E90: None | H90: 4.8 | I90: 101 | J90: Ipswich | K90: IP4 1HA | L90: 21 Carr Street Microshop, eastgate centre, Ipswich IP4 1HA | M90: 2:30–4:30pm (between lunch & dinner), or ~10am | N90: Open map
A91: 90 | B91: Passione D'Amore | C91: Cafe | D91: 07385 840823 | E91: None | H91: 4.8 | I91: 101 | J91: Stowmarket | K91: IP14 1AB | L91: 2, old fox yard, Ipswich St, Stowmarket IP14 1AB | M91: 2:30–4:30pm (between lunch & dinner), or ~10am | N91: Open map
A92: 91 | B92: The Fox Inn | C92: Pub | D92: 01502 473166 | E92: None | G92: Similar name has a site, check: http://foxinndarsham.co.uk/ | H92: 4.6 | I92: 276 | J92: Beccles | K92: NR34 8DD | L92: London Rd, Beccles NR34 8DD | M92: 2:30–4:30pm (between lunch & dinner), or ~10am | N92: Open map
A93: 92 | B93: The Codfather | C93: Fish & chips shop | D93: 01284 750287 | E93: None | H93: 3.8 | I93: 217 | J93: Bury Saint Edmunds | K93: IP33 1TZ | L93: 1 St Andrew's St N, Bury St Edmunds, Bury Saint Edmunds IP33 1TZ | M93: 2:30–4:30pm (between lunch & dinner), or ~10am | N93: Open map
A94: 93 | B94: Dejavu Ltd | C94: Cafe | D94: 01440 707171 | E94: None | H94: 4.4 | I94: 186 | J94: Haverhill | K94: CB9 9EF | L94: 6-8 Queen St, Haverhill CB9 9EF | M94: 2:30–4:30pm (between lunch & dinner), or ~10am | N94: Open map
A95: 94 | B95: Framlingham Pizza & Grill | C95: Takeaway | D95: 01728 621555 | E95: None | H95: 4.6 | I95: 158 | J95: Woodbridge | K95: IP13 9AH | L95: 20 Bridge St, Framlingham, Woodbridge IP13 9AH | M95: 2:30–4:30pm (between lunch & dinner), or ~10am | N95: Open map
A96: 95 | B96: The Red Mingo | C96: Cafe | D96: 01502 566230 | E96: None | H96: 4.7 | I96: 155 | J96: Lowestoft | K96: NR32 1LJ | L96: 4 Surrey St, Lowestoft NR32 1LJ | M96: 2:30–4:30pm (between lunch & dinner), or ~10am | N96: Open map
A97: 96 | B97: Flavours Of Portugal | C97: Portuguese restaurant | D97: 01842 819762 | E97: None | H97: 4.8 | I97: 154 | J97: Brandon | K97: IP27 0AU | L97: Brandon IP27 0AU | M97: 2:30–4:30pm (between lunch & dinner), or ~10am | N97: Open map
A98: 97 | B98: Ruby's | C98: Cafe | D98: 01394 279897 | E98: Social / booking page only | F98: https://www.facebook.com/RubysFelixstowe/ | H98: 4.7 | I98: 683 | J98: Felixstowe | K98: IP11 7DG | L98: 1 Bent Hill, Felixstowe IP11 7DG | M98: 2:30–4:30pm (between lunch & dinner), or ~10am | N98: Open map
A99: 98 | B99: Hamilton Fish & Chips | C99: Takeaway | D99: 01394 547026 | E99: Social / booking page only | F99: https://instagram.com/hamiltonfishandchips | H99: 4.6 | I99: 657 | J99: Felixstowe | K99: IP11 7DT | L99: Hamilton Fish and Chips, 175 Hamilton Rd, Felixstowe IP11 7DT | M99: 2:30–4:30pm (between lunch & dinner), or ~10am | N99: Open map
A100: 99 | B100: Sizewell Tea | C100: Cafe | D100: 01728 831108 | E100: Social / booking page only | F100: http://www.facebook.com/SizewellTea | H100: 4.5 | I100: 624 | J100: Leiston | K100: IP16 4UH | L100: Sizewell Gap, Leiston IP16 4UH | M100: 2:30–4:30pm (between lunch & dinner), or ~10am | N100: Open map
A101: 100 | B101: Cafe Marina | C101: Cafe | D101: 01473 806065 | E101: Social / booking page only | F101: https://marinacafe.qr.menulux.com/ | H101: 4.5 | I101: 607 | J101: Ipswich | K101: IP3 0FR | L101: 1, Off University Ave, Duke St, Ipswich IP3 0FR | M101: 2:30–4:30pm (between lunch & dinner), or ~10am | N101: Open map
A102: 101 | B102: Huffers Cafe & Restaurant | C102: Cafe | D102: 01473 824338 | E102: Social / booking page only | F102: https://www.facebook.com/Huffers-Cafe-Hadleigh-104848541333299/ | H102: 4.5 | I102: 467 | J102: Ipswich | K102: IP7 5EA | L102: 87 High St, Hadleigh, Ipswich IP7 5EA | M102: 2:30–4:30pm (between lunch & dinner), or ~10am | N102: Open map
A103: 102 | B103: Manns Family Butchers | C103: Butchers | D103: 01473 725846 | E103: Social / booking page only | F103: https://m.facebook.com/MannsFamilyButchers | H103: 4.8 | I103: 456 | J103: Ipswich | K103: IP3 9NA | L103: 336 Nacton Rd, Ipswich IP3 9NA | M103: 2:30–4:30pm (between lunch & dinner), or ~10am | N103: Open map
A104: 103 | B104: Common Room Café | C104: Cafe | D104: 01728 768238 | E104: Social / booking page only | F104: https://m.facebook.com/commonroomfram | H104: 4.8 | I104: 426 | J104: Woodbridge | K104: IP13 9BH | L104: 10 Church St, Framlingham, Woodbridge IP13 9BH | M104: 2:30–4:30pm (between lunch & dinner), or ~10am | N104: Open map
...

Sheet Hair & barbers
A1: Rank | B1: Business name | C1: Category | D1: Phone | E1: Website status | F1: Website | G1: Check first | H1: Rating | I1: Reviews | J1: Town | K1: Postcode | L1: Address | M1: Best time to call | N1: Google Maps | O1: Checked no website? (Y/N) | P1: Called (date) | Q1: Outcome | R1: Notes
A2: 1 | B2: The Hair Co | C2: Hairdresser | D2: 01787 372722 | E2: Spam link (not theirs) | F2: https://detoaph.top/the-hair-co-7328505 | H2: 4.9 | I2: 80 | J2: Sudbury | M2: Weekday 10am–12pm or early afternoon (between clients) | R2: First list. Google Website button goes to a spam page, show them
A3: 2 | B3: Rise + Grind Barbershop | C3: Barber shop | E3: Booking page only (Booksy) | J3: Bury Saint Edmunds | M3: Walk in or Instagram DM | R3: First list (Kai & Dylan). No phone on Google
A4: 3 | B4: Baba-Z | C4: Barber shop | D4: 01473 411784 | E4: Social / booking page only | F4: https://www.facebook.com/BabaZeeIpswich | H4: 4.9 | I4: 358 | J4: Ipswich | K4: IP3 8JX | L4: 67 Foxhall Rd, Ipswich IP3 8JX | M4: Weekday 10am–12pm or early afternoon (between clients) | N4: Open map
A5: 4 | B5: Ipswich Nails Spa | C5: Barber shop | D5: 01473 557777 | E5: Social / booking page only | F5: https://instagram.com/ipswichnailsspa?igshid=YmMyMTA2M2Y= | H5: 4.6 | I5: 348 | J5: Ipswich | K5: IP4 1EJ | L5: 24 Carr St, Ipswich IP4 1EJ | M5: Weekday 10am–12pm or early afternoon (between clients) | N5: Open map
A6: 5 | B6: Razor King Stowmarket | C6: Barber shop | D6: 07789 022954 | E6: None | H6: 4.8 | I6: 167 | J6: Stowmarket | K6: IP14 1DL | L6: Crowe St, Stowmarket IP14 1DL | M6: Weekday 10am–12pm or early afternoon (between clients) | N6: Open map
A7: 6 | B7: Golden Scissors | C7: Barber shop | D7: 07788 174101 | E7: Social / booking page only | F7: https://instagram.com/goldenmagicscissorsbury?igshid=M29zaHE2MWNmY3Ix | H7: 4.4 | I7: 244 | J7: Bury Saint Edmunds | K7: IP33 1BJ | L7: The Traverse, Bury St Edmunds, Bury Saint Edmunds IP33 1BJ | M7: Weekday 10am–12pm or early afternoon (between clients) | N7: Open map
A8: 7 | B8: VIP cuts | C8: Barber shop | D8: 07869 141516 | E8: None | H8: 5 | I8: 153 | J8: Felixstowe | K8: IP11 7PD | L8: Unit 2, 25 Crescent Rd, Felixstowe IP11 7PD | M8: Weekday 10am–12pm or early afternoon (between clients) | N8: Open map
A9: 8 | B9: ARONS CUTS | C9: Barber shop | D9: 01473 808718 | E9: None | H9: 4.8 | I9: 210 | J9: Ipswich | K9: IP3 9JH | L9: 296 Nacton Rd, Ipswich IP3 9JH | M9: Weekday 10am–12pm or early afternoon (between clients) | N9: Open map
A10: 9 | B10: Kings & Queens Hairdressers & Beauty | C10: Hairdresser | D10: 07738 370944 | E10: None | H10: 4.8 | I10: 138 | J10: Newmarket | K10: CB8 8EQ | L10: Kings & Queens, 13 The Rookery, The Guineas, Shopping Centre, Newmarket CB8 8EQ | M10: Weekday 10am–12pm or early afternoon (between clients) | N10: Open map
A11: 10 | B11: Spikes and Ponies | C11: Hairdresser | D11: 07535 646508 | E11: None | H11: 4.8 | I11: 137 | J11: Newmarket | K11: CB8 7RX | L11: Shop 3, Brickfields Ave, Newmarket CB8 7RX | M11: Weekday 10am–12pm or early afternoon (between clients) | N11: Open map
A12: 11 | B12: Look Sharp | C12: Barber shop | D12: 07459 323458 | E12: None | H12: 4.7 | I12: 136 | J12: Felixstowe | K12: IP11 7DU | L12: 172 Hamilton Rd, Felixstowe IP11 7DU | M12: Weekday 10am–12pm or early afternoon (between clients) | N12: Open map
A13: 12 | B13: The Barbers | C13: Barber shop | D13: 01842 550889 | E13: None | H13: 4.6 | I13: 191 | J13: Brandon | K13: IP27 0AQ | L13: 22 High St, Brandon IP27 0AQ | M13: Weekday 10am–12pm or early afternoon (between clients) | N13: Open map
A14: 13 | B14: Lotus Nails Spa | C14: Hairdresser | D14: 01473 217773 | E14: None | H14: 4.2 | I14: 210 | J14: Ipswich | K14: IP4 1EB | L14: 26 Upper Brook St, Ipswich IP4 1EB | M14: Weekday 10am–12pm or early afternoon (between clients) | N14: Open map
A15: 14 | B15: Top Fade Barber | C15: Barber shop | D15: 07886 340927 | E15: None | H15: 4.8 | I15: 118 | J15: Lowestoft | K15: NR33 0DS | L15: 243 London Rd S, Lowestoft NR33 0DS | M15: Weekday 10am–12pm or early afternoon (between clients) | N15: Open map
A16: 15 | B16: King’s scissors | C16: Barber shop | D16: 07362 394043 | E16: None | H16: 4.9 | I16: 113 | J16: Newmarket | K16: CB8 8DN | L16: 12 Old Station Rd, Newmarket CB8 8DN | M16: Weekday 10am–12pm or early afternoon (between clients) | N16: Open map
A17: 16 | B17: Walton Barbers | C17: Barber shop | D17: 07826 539691 | E17: None | H17: 4.8 | I17: 108 | J17: Felixstowe | K17: IP11 9DS | L17: 222 High St, Felixstowe IP11 9DS | M17: Weekday 10am–12pm or early afternoon (between clients) | N17: Open map
A18: 17 | B18: Classic barbershop | C18: Barber shop | D18: 07376 665786 | E18: None | H18: 4.9 | I18: 103 | J18: Newmarket | K18: CB8 8EE | L18: 6 Market St, Newmarket CB8 8EE | M18: Weekday 10am–12pm or early afternoon (between clients) | N18: Open map
A19: 18 | B19: THE MOUSTACHE BARBERS | C19: Barber shop | D19: 07717 125332 | E19: Social / booking page only | F19: https://www.instagram.com/themoustachebarbers/ | H19: 4.5 | I19: 154 | J19: Newmarket | K19: CB8 8NA | L19: 35 High St, Newmarket CB8 8NA | M19: Weekday 10am–12pm or early afternoon (between clients) | N19: Open map
A20: 19 | B20: Kenny's Barbershop | C20: Barber shop | D20: 07493 823883 | E20: None | H20: 4.9 | I20: 96 | J20: Lowestoft | K20: NR32 1XN | L20: 79 High St, Lowestoft NR32 1XN | M20: Weekday 10am–12pm or early afternoon (between clients) | N20: Open map
A21: 20 | B21: Sharp cut | C21: Barber shop | D21: 07926 779222 | E21: None | H21: 5 | I21: 95 | J21: Ipswich | K21: IP3 9EX | L21: 52 Queen's Way, Ipswich IP3 9EX | M21: Weekday 10am–12pm or early afternoon (between clients) | N21: Open map
A22: 21 | B22: Isaac's Barbershop | C22: Barber shop | D22: 01394 382348 | E22: Social / booking page only | F22: https://m.facebook.com/Isaacs.barbershop.ltd | H22: 4.9 | I22: 415 | J22: Woodbridge | K22: IP12 1JX | L22: Warwick Ave, Woodbridge IP12 1JX | M22: Weekday 10am–12pm or early afternoon (between clients) | N22: Open map
A23: 22 | B23: Lookin' Sharp Barbers | C23: Barber shop | D23: 07841 678407 | E23: None | H23: 4.9 | I23: 91 | J23: Ipswich | K23: IP2 0EH | L23: 11 Compair Cres, Ipswich IP2 0EH | M23: Weekday 10am–12pm or early afternoon (between clients) | N23: Open map
A24: 23 | B24: S&S Barber | C24: Barber shop | D24: 07378 454411 | E24: None | H24: 4.5 | I24: 91 | J24: Woodbridge | K24: IP12 | L24: 4a Cumberland St, Woodbridge IP12 | M24: Weekday 10am–12pm or early afternoon (between clients) | N24: Open map
A25: 24 | B25: Yonney Barbers | C25: Barber shop | D25: 07540 428000 | E25: Social / booking page only | F25: https://m.facebook.com/pages/category/Barber-Shop/Yonneys-Barber-Shop-1481658455250613/ | H25: 4.9 | I25: 145 | J25: Lowestoft | K25: NR33 0DR | L25: 189 London Rd S, Lowestoft NR33 0DR | M25: Weekday 10am–12pm or early afternoon (between clients) | N25: Open map
A26: 25 | B26: Brandon Town Barbers | C26: Barber shop | D26: 07733 467701 | E26: None | H26: 4.9 | I26: 85 | J26: Brandon | K26: IP27 0AU | L26: 71 High St, Brandon IP27 0AU | M26: Weekday 10am–12pm or early afternoon (between clients) | N26: Open map
A27: 26 | B27: Traditional Turkish Barber | C27: Barber shop | D27: 07915 026618 | E27: None | H27: 4.9 | I27: 77 | J27: Ipswich | K27: IP4 4QA | L27: 470 Woodbridge Rd, Ipswich IP4 4QA | M27: Weekday 10am–12pm or early afternoon (between clients) | N27: Open map
A28: 27 | B28: Emanuel Barbers | C28: Barber shop | D28: 07869 165492 | E28: None | H28: 4.9 | I28: 74 | J28: Beccles | K28: NR34 9TB | L28: 18 Blyburgate, Beccles NR34 9TB | M28: Weekday 10am–12pm or early afternoon (between clients) | N28: Open map
A29: 28 | B29: NEXTGEN BARBERZ | C29: Barber shop | D29: 07859 854985 | E29: None | H29: 4.9 | I29: 74 | J29: Ipswich | K29: IP2 9RR | L29: 16 Ellenbrook Rd, Ipswich IP2 9RR | M29: Weekday 10am–12pm or early afternoon (between clients) | N29: Open map
A30: 29 | B30: Brothers Cuts | C30: Barber shop | D30: 07469 273596 | E30: None | H30: 4.8 | I30: 70 | J30: Ipswich | K30: IP1 3JX | L30: 12 High St, Ipswich IP1 3JX | M30: Weekday 10am–12pm or early afternoon (between clients) | N30: Open map
A31: 30 | B31: FIRST CLASS BARBERS SUDBURY | C31: Barber shop | D31: 07392 928065 | E31: None | H31: 5 | I31: 69 | J31: Sudbury | K31: CO10 2TP | L31: Unit 3, First Class Barbers, 101 East St, Sudbury CO10 2TP | M31: Weekday 10am–12pm or early afternoon (between clients) | N31: Open map
A32: 31 | B32: The Shear Club | C32: Barber shop | D32: 01473 288445 | E32: Social / booking page only | F32: https://booksy.com/en-gb/55881_the-shear-club_barber-shop_284972_ipswich | H32: 4.7 | I32: 186 | J32: Ipswich | K32: IP3 0BH | L32: 205 Duke St, Ipswich IP3 0BH | M32: Weekday 10am–12pm or early afternoon (between clients) | N32: Open map
A33: 32 | B33: Fleet's Barber Shop | C33: Barber shop | D33: 01502 717555 | E33: None | H33: 4.7 | I33: 128 | J33: Beccles | K33: NR34 9TQ | L33: 46 Blyburgate, Beccles NR34 9TQ | M33: Weekday 10am–12pm or early afternoon (between clients) | N33: Open map
A34: 33 | B34: TWELVE Mens Salon | C34: Barber shop | D34: 07707 717876 | E34: Social / booking page only | F34: https://twelvemenssalon.booksy.com/ | H34: 5 | I34: 117 | J34: Stowmarket | K34: IP14 1ES | L34: Station Rd W, Stowmarket IP14 1ES | M34: Weekday 10am–12pm or early afternoon (between clients) | N34: Open map
A35: 34 | B35: Magic Touch Traditional Turkish Barber | C35: Hairdresser | D35: 07452 847416 | E35: None | H35: 5 | I35: 63 | J35: Lowestoft | K35: NR33 9JT | L35: 148 Bridge Rd, Lowestoft NR33 9JT | M35: Weekday 10am–12pm or early afternoon (between clients) | N35: Open map
A36: 35 | B36: Thurston barbers | C36: Barber shop | D36: 07503 128606 | E36: None | H36: 5 | I36: 59 | J36: Bury Saint Edmunds | K36: IP31 3QT | L36: 9 Barton Rd, Thurston, Bury Saint Edmunds IP31 3QT | M36: Weekday 10am–12pm or early afternoon (between clients) | N36: Open map
A37: 36 | B37: Simone Michelle the Hair salon | C37: Hairdresser | D37: 01394 283555 | E37: None | H37: 4.5 | I37: 113 | J37: Felixstowe | K37: IP11 9AA | L37: 73, 75 High Rd W, Felixstowe IP11 9AA | M37: Weekday 10am–12pm or early afternoon (between clients) | N37: Open map
A38: 37 | B38: David Sparkes Barber Shop | C38: Barber shop | D38: 07801 236602 | E38: None | H38: 5 | I38: 55 | J38: Ipswich | K38: IP4 4NB | L38: 721A Woodbridge Rd, Ipswich IP4 4NB | M38: Weekday 10am–12pm or early afternoon (between clients) | N38: Open map
A39: 38 | B39: Thirty nine’s Barber shop | C39: Barber shop | D39: 07436 809653 | E39: None | H39: 5 | I39: 54 | J39: Lowestoft | K39: NR32 2JQ | L39: 39 Hervey St, Lowestoft NR32 2JQ | M39: Weekday 10am–12pm or early afternoon (between clients) | N39: Open map
A40: 39 | B40: Gentlemens grooming | C40: Barber shop | D40: 07760 962175 | E40: None | H40: 5 | I40: 54 | J40: Newmarket | K40: CB8 8JP | L40: 120A High St, Newmarket CB8 8JP | M40: Weekday 10am–12pm or early afternoon (between clients) | N40: Open map
A41: 40 | B41: The Lads Lounge Stowmarket | C41: Barber shop | D41: 07749 155571 | E41: Social / booking page only | F41: https://theladsloungestowmarket.booksy.com/ | H41: 5 | I41: 109 | J41: Stowmarket | K41: IP14 1HP | L41: Union St E, Stowmarket IP14 1HP | M41: Weekday 10am–12pm or early afternoon (between clients) | N41: Open map
A42: 41 | B42: Barber Tıme Needham - Razor King | C42: Barber shop | D42: 07425 999553 | E42: None | H42: 4.9 | I42: 49 | J42: Ipswich | K42: IP6 8AL | L42: High St, Needham Market, Ipswich IP6 8AL | M42: Weekday 10am–12pm or early afternoon (between clients) | N42: Open map
A43: 42 | B43: Charli's Hair Studio | C43: Hairdresser | D43: 07568 391159 | E43: None | H43: 5 | I43: 45 | J43: Beccles | K43: NR34 9TF | L43: 42d Blyburgate, Beccles NR34 9TF | M43: Weekday 10am–12pm or early afternoon (between clients) | N43: Open map
A44: 43 | B44: Katie's Beautique Salon & Training Academy | C44: Hairdresser | D44: 07380 352870 | E44: None | H44: 4.7 | I44: 43 | J44: Brandon | K44: IP27 0AQ | L44: 16 High St, Brandon IP27 0AQ | M44: Weekday 10am–12pm or early afternoon (between clients) | N44: Open map
A45: 44 | B45: Men's Den | C45: Barber shop | D45: 07460 199662 | E45: None | H45: 4.8 | I45: 43 | J45: Sudbury | K45: CO10 9JE | L45: Hall St, Long Melford, Sudbury CO10 9JE | M45: Weekday 10am–12pm or early afternoon (between clients) | N45: Open map
A46: 45 | B46: Mark Tretts Pakefields Gents Hairdressers | C46: Barber shop | D46: 07708 563919 | E46: None | H46: 4.9 | I46: 42 | J46: Lowestoft | K46: NR33 7AG | L46: 26 London Rd S, Pakefield, Lowestoft NR33 7AG | M46: Weekday 10am–12pm or early afternoon (between clients) | N46: Open map
A47: 46 | B47: Modern barber's | C47: Barber shop | D47: 07473 171744 | E47: None | H47: 4.5 | I47: 42 | J47: Saxmundham | K47: IP17 1DF | L47: 11 High St, Saxmundham IP17 1DF | M47: Weekday 10am–12pm or early afternoon (between clients) | N47: Open map
A48: 47 | B48: John's Barbers | C48: Barber shop | D48: 01284 653903 | E48: None | H48: 5 | I48: 97 | J48: Bury Saint Edmunds | K48: IP28 7EQ | L48: 9 High St, Mildenhall, Bury Saint Edmunds IP28 7EQ | M48: Weekday 10am–12pm or early afternoon (between clients) | N48: Open map
A49: 48 | B49: Nicks Gents Hairdressing | C49: Hairdresser | D49: 01728 605726 | E49: None | H49: 4.9 | I49: 97 | J49: Saxmundham | K49: IP17 1AG | L49: 5 Market Pl, Saxmundham IP17 1AG | M49: Weekday 10am–12pm or early afternoon (between clients) | N49: Open map
A50: 49 | B50: Woodbridge barber shop | C50: Barber shop | D50: 07588 383383 | E50: None | H50: 4.9 | I50: 38 | J50: Woodbridge | K50: IP12 4LU | L50: 20A Market Hill, Woodbridge IP12 4LU | M50: Weekday 10am–12pm or early afternoon (between clients) | N50: Open map
A51: 50 | B51: Hummingbird Hair | C51: Hairdresser | D51: 07741 305096 | E51: None | H51: 5 | I51: 37 | J51: Beccles | K51: NR34 9TT | L51: 12B Hungate, Beccles NR34 9TT | M51: Weekday 10am–12pm or early afternoon (between clients) | N51: Open map
A52: 51 | B52: Twiggys Hair Cabin | C52: Hairdresser | D52: 07928 991500 | E52: None | H52: 4.8 | I52: 37 | J52: Halesworth | K52: IP19 8PX | L52: Huntley Ct, Harrisons Ln, Halesworth IP19 8PX | M52: Weekday 10am–12pm or early afternoon (between clients) | N52: Open map
A53: 52 | B53: T27 TURKISH BARBER FELIXSTOWE | C53: Barber shop | D53: 07448 457405 | E53: None | H53: 4.6 | I53: 36 | J53: Felixstowe | K53: IP11 7AN | L53: 28 Hamilton Rd, Felixstowe IP11 7AN | M53: Weekday 10am–12pm or early afternoon (between clients) | N53: Open map
... A55: 54 | B55: Cannings barber studio | C55: Barber shop | D55: 07593 913330 | E55: None | H55: 4.9 | I55: 33 | J55: Newmarket | K55: CB8 0JS | L55: 54 Lowther St, Newmarket CB8 0JS | M55: Weekday 10am–12pm or early afternoon (between clients) | N55: Open map
A56: 55 | B56: Magic Scissors haverhill | C56: Barber shop | D56: 07833 348414 | E56: Social / booking page only | F56: https://m.facebook.com/magicscissorshaverhill/ | H56: 4.4 | I56: 121 | J56: Haverhill | K56: CB9 8HB | L56: 6 Camps Rd, Haverhill CB9 8HB | M56: Weekday 10am–12pm or early afternoon (between clients) | N56: Open map
A57: 56 | B57: Star Barbers | C57: Barber shop | D57: 01638 354879 | E57: None | H57: 5 | I57: 91 | J57: Newmarket | K57: CB8 8LB | L57: 12 High St, Newmarket CB8 8LB | M57: Weekday 10am–12pm or early afternoon (between clients) | N57: Open map
A58: 57 | B58: Kane & Abel’s Barbers | C58: Barber shop | D58: 07396 974448 | E58: None | H58: 4.9 | I58: 29 | J58: Lowestoft | K58: NR32 1HP | L58: 127 High St, Lowestoft NR32 1HP | M58: Weekday 10am–12pm or early afternoon (between clients) | N58: Open map
A59: 58 | B59: Room 2 Hairdressers | C59: Hairdresser | D59: 01449 616002 | E59: Social / booking page only | F59: https://www.facebook.com/room2-259857167389879/ | H59: 4.9 | I59: 144 | J59: Stowmarket | K59: IP14 2AW | L59: 2 Needham Rd, Combs Ford, Stowmarket IP14 2AW | M59: Weekday 10am–12pm or early afternoon (between clients) | N59: Open map
A60: 59 | B60: Sage Hair Studio | C60: Hairdresser | D60: 07583 431986 | E60: None | H60: 5 | I60: 26 | J60: Bungay | K60: NR35 1AU | L60: Cross St, Bungay NR35 1AU | M60: Weekday 10am–12pm or early afternoon (between clients) | N60: Open map
A61: 60 | B61: DiAMOND TOUCH barber shop | C61: Barber shop | D61: 07446 902333 | E61: None | H61: 5 | I61: 26 | J61: Ipswich | K61: IP3 8HS | L61: Foxhall Rd, Ipswich IP3 8HS | M61: Weekday 10am–12pm or early afternoon (between clients) | N61: Open map
A62: 61 | B62: Diamond cut | C62: Barber shop | D62: 07367 149198 | E62: None | H62: 5 | I62: 24 | J62: Beccles | K62: NR34 9AQ | L62: 6 Market St, Beccles NR34 9AQ | M62: Weekday 10am–12pm or early afternoon (between clients) | N62: Open map
A63: 62 | B63: @Cos Cuts | C63: Barber shop | D63: 07888 796264 | E63: None | H63: 5 | I63: 24 | J63: Felixstowe | K63: IP11 7HD | L63: 8a Orwell Rd, Felixstowe IP11 7HD | M63: Weekday 10am–12pm or early afternoon (between clients) | N63: Open map
A64: 63 | B64: Istanbul Barber | C64: Barber shop | D64: 07534 423593 | E64: None | H64: 4.7 | I64: 23 | J64: Leiston | K64: IP16 4BX | L64: High St, Leiston IP16 4BX | M64: Weekday 10am–12pm or early afternoon (between clients) | N64: Open map
A65: 64 | B65: Cabells Cuts | C65: Barber shop | D65: 07943 102378 | E65: None | H65: 5 | I65: 22 | J65: Haverhill | K65: CB9 8DX | L65: 2a Eden Rd, Haverhill CB9 8DX | M65: Weekday 10am–12pm or early afternoon (between clients) | N65: Open map
A66: 65 | B66: Coconails & Beauty Salon | C66: Hairdresser | D66: 01473 225888 | E66: None | H66: 4.4 | I66: 109 | J66: Ipswich | K66: IP4 1EG | L66: 9 Upper Brook St, Ipswich IP4 1EG | M66: Weekday 10am–12pm or early afternoon (between clients) | N66: Open map
A67: 66 | B67: Look Smart Barbers | C67: Barber shop | D67: 07501 207808 | E67: None | H67: 3.6 | I67: 77 | J67: Sudbury | K67: CO10 1RB | L67: 24 North St, Sudbury CO10 1RB | M67: Weekday 10am–12pm or early afternoon (between clients) | N67: Open map
A68: 67 | B68: Golden Scissors | C68: Barber shop | D68: 07833 348414 | E68: Social / booking page only | F68: https://m.facebook.com/goldenscisorsinhaverhill/ | H68: 4.6 | I68: 76 | J68: Haverhill | K68: CB9 9EF | L68: 46 Queen St, Haverhill CB9 9EF | M68: Weekday 10am–12pm or early afternoon (between clients) | N68: Open map
A69: 68 | B69: Bandido Barbers stowmarket | C69: Barber shop | D69: 07448 610671 | E69: None | H69: 4.2 | I69: 49 | J69: Stowmarket | K69: IP14 1AH | L69: 33 Ipswich St, Stowmarket IP14 1AH | M69: Weekday 10am–12pm or early afternoon (between clients) | N69: Open map
A70: 69 | B70: Laguna Locks - Synthetic Locks and Curly Hair Expert | C70: Hairdresser | D70: 07967 716895 | E70: None | H70: 5 | I70: 20 | J70: Ipswich | K70: IP1 1TW | L70: 47 St Nicholas St, Leiston, Ipswich IP1 1TW | M70: Weekday 10am–12pm or early afternoon (between clients) | N70: Open map
A71: 70 | B71: Scamps Barbershop | C71: Barber shop | D71: 07511 212837 | E71: None | H71: 4.8 | I71: 20 | J71: Lowestoft | K71: NR32 1HN | L71: 118 High St, Lowestoft NR32 1HN | M71: Weekday 10am–12pm or early afternoon (between clients) | N71: Open map
A72: 71 | B72: The Deben barber | C72: Barber shop | D72: 07730 580685 | E72: None | H72: 4.6 | I72: 17 | J72: Woodbridge | K72: IP12 1AH | L72: 45b Thoroughfare, Woodbridge IP12 1AH | M72: Weekday 10am–12pm or early afternoon (between clients) | N72: Open map
A73: 72 | B73: Istanbul Barber | C73: Barber shop | D73: 07309 211599 | E73: None | H73: 5 | I73: 16 | J73: Halesworth | K73: IP19 8AH | L73: 1 Thoroughfare, Halesworth IP19 8AH | M73: Weekday 10am–12pm or early afternoon (between clients) | N73: Open map
A74: 73 | B74: Lees Barber Shop | C74: Barber shop | D74: 07368 940506 | E74: None | H74: 4.4 | I74: 40 | J74: Sudbury | K74: CO10 1JL | L74: 38 Gaol Ln, Sudbury CO10 1JL | M74: Weekday 10am–12pm or early afternoon (between clients) | N74: Open map
A75: 74 | B75: Double Tree Barber Shop | C75: Barber shop | D75: 07864 548888 | E75: None | H75: 4.5 | I75: 15 | J75: Bury Saint Edmunds | K75: IP33 1SD | L75: 62 St Andrew's Street S, Bury St Edmunds, Bury Saint Edmunds IP33 1SD | M75: Weekday 10am–12pm or early afternoon (between clients) | N75: Open map
A76: 75 | B76: E.A Mens Hair | C76: Barber shop | D76: 07469 935818 | E76: None | H76: 4.9 | I76: 15 | J76: Ipswich | K76: IP7 5AL | L76: 50 High St, Hadleigh, Ipswich IP7 5AL | M76: Weekday 10am–12pm or early afternoon (between clients) | N76: Open map
A77: 76 | B77: Hairport barber traditional Turkish barber | C77: Barber shop | D77: 07392 928065 | E77: None | H77: 5 | I77: 15 | J77: Sudbury | K77: CO10 2TP | L77: Unit 3, hairport barber, 101 East St, Sudbury CO10 2TP | M77: Weekday 10am–12pm or early afternoon (between clients) | N77: Open map
A78: 77 | B78: Shear Hairdressing | C78: Hairdresser | D78: 07999 330599 | E78: None | H78: 4.7 | I78: 13 | J78: Sudbury | K78: CO10 9JA | L78: 3, Dairy Cottages, Hall St, Long Melford, Sudbury CO10 9JA | M78: Weekday 10am–12pm or early afternoon (between clients) | N78: Open map
A79: 78 | B79: The Bearded Stag | C79: Barber shop | D79: 07596 094696 | E79: None | H79: 4.7 | I79: 11 | J79: Saxmundham | K79: IP17 1DD | L79: Fromus Square, Saxmundham IP17 1DD | M79: Weekday 10am–12pm or early afternoon (between clients) | N79: Open map
A80: 79 | B80: Envi Salon Southwold | C80: Hairdresser | D80: 07474 202313 | E80: None | H80: 4.9 | I80: 11 | J80: Southwold | K80: IP18 6FH | L80: Unit 3, Station Yard, Blyth Rd, Southwold IP18 6FH | M80: Weekday 10am–12pm or early afternoon (between clients) | N80: Open map
A81: 80 | B81: FIRSTCLASSBARBERS GLEMSFORD | C81: Barber shop | D81: 07914 653953 | E81: None | H81: 5 | I81: 10 | J81: Sudbury | K81: CO10 7RH | L81: 9 Tye Grn, Glemsford, Sudbury CO10 7RH | M81: Weekday 10am–12pm or early afternoon (between clients) | N81: Open map
A82: 81 | B82: Fly Barbers Grooming Room | C82: Barber shop | D82: 01842 337530 | E82: Social / booking page only | F82: https://www.instagram.com/flybarbersgroomingroom?igsh=YWVseHo1dHZjNXkx | H82: 5 | I82: 126 | J82: Brandon | K82: IP27 9DS | L82: 74 High St, Lakenheath, Brandon IP27 9DS | M82: Weekday 10am–12pm or early afternoon (between clients) | N82: Open map
A83: 82 | B83: Gentleman's Crew | C83: Barber shop | D83: 01638 428921 | E83: None | H83: 4.3 | I83: 96 | J83: Bury Saint Edmunds | K83: IP28 7EZ | L83: 7c King St, Mildenhall, Bury Saint Edmunds IP28 7EZ | M83: Weekday 10am–12pm or early afternoon (between clients) | N83: Open map
A84: 83 | B84: The Barber Stop | C84: Barber shop | D84: 01449 722756 | E84: None | H84: 4.5 | I84: 68 | J84: Ipswich | K84: IP6 8AS | L84: 9 Station Yard, Needham Market, Ipswich IP6 8AS | M84: Weekday 10am–12pm or early afternoon (between clients) | N84: Open map
A85: 84 | B85: CJS1 Barbers | C85: Barber shop | D85: 01638 531911 | E85: None | H85: 4.7 | I85: 65 | J85: Brandon | K85: IP27 9BD | L85: Chamberlains Barn, Eriswell, Brandon IP27 9BD | M85: Weekday 10am–12pm or early afternoon (between clients) | N85: Open map
A86: 85 | B86: King Barbers | C86: Barber shop | D86: 07387 358333 | E86: Social / booking page only | F86: https://www.instagram.com/king.barber.lowestoft?igsh=NTU1MTFtOHhubGV1 | H86: 4.8 | I86: 65 | J86: Lowestoft | K86: NR33 0DR | L86: 187 London Rd S, Lowestoft NR33 0DR | M86: Weekday 10am–12pm or early afternoon (between clients) | N86: Open map
A87: 86 | B87: Unit 69 Barbershop | C87: Barber shop | D87: 01502 588713 | E87: None | H87: 4.8 | I87: 65 | J87: Lowestoft | K87: NR32 4AT | L87: 69 Hollingsworth Rd, Lowestoft NR32 4AT | M87: Weekday 10am–12pm or early afternoon (between clients) | N87: Open map
A88: 87 | B88: The Hair Cabin | C88: Hairdresser | D88: 07913 281659 | E88: None | H88: 4.8 | I88: 6 | J88: Bury | K88: IP28 7PL | L88: 16 Laburnum Ave, Mildenhall, Bury IP28 7PL | M88: Weekday 10am–12pm or early afternoon (between clients) | N88: Open map
A89: 88 | B89: GENT'S CLUB | C89: Barber shop | D89: 07838 509797 | E89: None | H89: 5 | I89: 6 | J89: Lowestoft | K89: NR33 9RW | L89: 59 Westwood Ave, Lowestoft NR33 9RW | M89: Weekday 10am–12pm or early afternoon (between clients) | N89: Open map
A90: 89 | B90: The Cutting Lounge | C90: Hairdresser | D90: 07578 566582 | E90: None | H90: 5 | I90: 5 | J90: Lowestoft | K90: NR33 7AH | L90: Hall Rd, Kessingland, Lowestoft NR33 7AH | M90: Weekday 10am–12pm or early afternoon (between clients) | N90: Open map
A91: 90 | B91: A Cut Above The Zest | C91: Hairdresser | D91: 07825 541541 | E91: None | H91: 5 | I91: 5 | J91: Sudbury | K91: CO10 2XG | L91: Caxton House/Milner Rd/Chilton Rd Ind Est, Sudbury CO10 2XG | M91: Weekday 10am–12pm or early afternoon (between clients) | N91: Open map
A92: 91 | B92: George Henry | C92: Hairdresser | D92: 07584 790155 | E92: None | H92: 5 | I92: 4 | J92: Ipswich | K92: IP7 5EH | L92: 3 Maiden Wy, Hadleigh, Ipswich IP7 5EH | M92: Weekday 10am–12pm or early afternoon (between clients) | N92: Open map
A93: 92 | B93: Passion Barber | C93: Barber shop | D93: 01638 454677 | E93: Social / booking page only | F93: https://m.facebook.com/passion.barbershop/ | H93: 4.8 | I93: 121 | J93: Newmarket | K93: CB8 8EW | L93: 10 Sun Ln, Newmarket CB8 8EW | M93: Weekday 10am–12pm or early afternoon (between clients) | N93: Open map
A94: 93 | B94: Hair by Stephen Anderson | C94: Hairdresser | D94: 01728 860230 | E94: None | H94: 5 | I94: 63 | J94: Stowmarket | K94: IP14 6RE | L94: 23 Gracechurch St, Debenham, Stowmarket IP14 6RE | M94: Weekday 10am–12pm or early afternoon (between clients) | N94: Open map
A95: 94 | B95: Top Cutz Gentlemen's Hair Stylist | C95: Hairdresser | D95: 01394 282715 | E95: None | H95: 4.8 | I95: 62 | J95: Felixstowe | K95: IP11 2AP | L95: 1 Langer Rd, Felixstowe IP11 2AP | M95: Weekday 10am–12pm or early afternoon (between clients) | N95: Open map
A96: 95 | B96: VVHair&Beauty | C96: Hairdresser | D96: 01638 476232 | E96: None | H96: 4.8 | I96: 61 | J96: Bury Saint Edmunds | K96: IP28 7EF | L96: 18 Market Pl, Mildenhall, Bury Saint Edmunds IP28 7EF | M96: Weekday 10am–12pm or early afternoon (between clients) | N96: Open map
A97: 96 | B97: Salon Coco | C97: Hairdresser | D97: 01394 547250 | E97: None | H97: 4.9 | I97: 61 | J97: Felixstowe | K97: IP11 9DS | L97: 224 High St, Walton, Felixstowe IP11 9DS | M97: Weekday 10am–12pm or early afternoon (between clients) | N97: Open map
A98: 97 | B98: Alexa Hair Studio | C98: Hairdresser | D98: 01502 817336 | E98: None | H98: 5 | I98: 61 | J98: Lowestoft | K98: NR32 3BE | L98: Unit 1, Mobbs Way Business Park, Lowestoft NR32 3BE | M98: Weekday 10am–12pm or early afternoon (between clients) | N98: Open map
A99: 98 | B99: Pops Barber Shop | C99: Barber shop | D99: 01638 664193 | E99: None | H99: 4.7 | I99: 61 | J99: Newmarket | K99: CB8 0HT | L99: 5a Wellington St, Newmarket CB8 0HT | M99: Weekday 10am–12pm or early afternoon (between clients) | N99: Open map
A100: 99 | B100: Studio161 | C100: Hairdresser | D100: 07340 902409 | E100: None | H100: 5 | I100: 3 | J100: Newmarket | K100: CB8 0NU | L100: 161 Manderston Rd, Newmarket CB8 0NU | M100: Weekday 10am–12pm or early afternoon (between clients) | N100: Open map
A101: 100 | B101: Evolve.Studios | C101: Barber shop | D101: 07711 133739 | E101: None | H101: 5 | I101: 2 | J101: Beccles | K101: NR34 7TD | L101: Unit 24, Ellough Industrial Estate, Beccles NR34 7TD | M101: Weekday 10am–12pm or early afternoon (between clients) | N101: Open map
...

Sheet Garages & motor
A1: Rank | B1: Business name | C1: Category | D1: Phone | E1: Website status | F1: Website | G1: Check first | H1: Rating | I1: Reviews | J1: Town | K1: Postcode | L1: Address | M1: Best time to call | N1: Google Maps | O1: Checked no website? (Y/N) | P1: Called (date) | Q1: Outcome | R1: Notes
A2: 1 | B2: The Garage | C2: Vehicle Repair | D2: 01728 648859 | E2: None | H2: 4.8 | I2: 32 | J2: Saxmundham | K2: IP17 3NS | L2: Leiston Rd, Saxmundham IP17 3NS | M2: 8–9am or 4–5pm | N2: Open map | R2: First list (Nick), aka Middleton Garage
A3: 2 | B3: Brandon Hand Car Wash | C3: Car Wash | D3: 07454 343883 | E3: None | H3: 4.3 | I3: 287 | J3: Brandon | K3: IP27 0NX | L3: Mile End, Brandon IP27 0NX | M3: 8–9am or 4–5pm | N3: Open map
A4: 3 | B4: Ipswich Elite Tyres | C4: Tyre Shop | D4: 07496 396080 | E4: None | H4: 4.9 | I4: 238 | J4: Ipswich | K4: IP1 5NP | L4: 2 Goddard Rd, Ipswich IP1 5NP | M4: 8–9am or 4–5pm | N4: Open map
A5: 4 | B5: Eric Professional Hand Car Wash | C5: Car Wash | D5: 07446 705362 | E5: None | H5: 4.5 | I5: 203 | J5: Ipswich | K5: IP3 8DL | L5: Old station yard, Derby Rd, Ipswich IP3 8DL | M5: 8–9am or 4–5pm | N5: Open map
A6: 5 | B6: Pitstop Tyres | C6: Tyre Shop | D6: 01502 519154 | E6: Social / booking page only | F6: https://www.facebook.com/PitstopTyresLowestoft/ | H6: 4.8 | I6: 281 | J6: Lowestoft | K6: NR33 9QS | L6: 34 Colville Rd Works, Lowestoft NR33 9QS | M6: 8–9am or 4–5pm | N6: Open map
A7: 6 | B7: Beccles Car Wash | C7: Car Wash | D7: 07775 368820 | E7: None | H7: 4.1 | I7: 179 | J7: Beccles | K7: NR34 9QN | L7: Gresham Rd, Beccles NR34 9QN | M7: 8–9am or 4–5pm | N7: Open map
A8: 7 | B8: Fiveways Garage & Tyres | C8: Tyre Shop | D8: 01638 718448 | E8: None | H8: 4.5 | I8: 172 | J8: Bury Saint Edmunds | K8: IP28 6AE | L8: Fiveways tyre centre, fiveways garage, Fiveways Roundabout, Bury St Edmunds, Barton Mills, Bury Saint Edmunds IP28 6AE | M8: 8–9am or 4–5pm | N8: Open map
A9: 8 | B9: Stanton Hand Car Wash | C9: Car Wash | D9: 07568 403788 | E9: None | H9: 4.4 | I9: 145 | J9: Bury Saint Edmunds | K9: IP31 2BZ | L9: Stanton, Bury Saint Edmunds IP31 2BZ | M9: 8–9am or 4–5pm | N9: Open map
A10: 9 | B10: Mount Pleasant Hand Car Wash and Valeting Centre | C10: Car Wash | D10: 01440 762333 | E10: None | H10: 3.9 | I10: 222 | J10: Haverhill | K10: CB9 7RN | L10: Withersfield Rd, Haverhill CB9 7RN | M10: 8–9am or 4–5pm | N10: Open map
A11: 10 | B11: S W Mechanics (formerly B A mobile vehicle services) | C11: Vehicle Repair | D11: 07999 485587 | E11: None | H11: 4.7 | I11: 97 | J11: Ipswich | K11: IP1 5AP | L11: The Sterling Complex, Farthing Rd, Ipswich IP1 5AP | M11: 8–9am or 4–5pm | N11: Open map
A12: 11 | B12: Triple c automotive Ltd | C12: Vehicle Repair | D12: 01473 747779 | E12: None | H12: 4.8 | I12: 145 | J12: Ipswich | K12: IP1 5AP | L12: Farthing Rd, Ipswich IP1 5AP | M12: 8–9am or 4–5pm | N12: Open map
A13: 12 | B13: Langer Park Service Station | C13: Vehicle Repair | D13: 01394 284156 | E13: None | H13: 4.5 | I13: 143 | J13: Felixstowe | K13: IP11 2BS | L13: Langer Park Service Station, Langer Rd, Felixstowe IP11 2BS | M13: 8–9am or 4–5pm | N13: Open map
A14: 13 | B14: Beccles Tyre Centre Ltd | C14: Tyre Shop | D14: 01502 712113 | E14: Social / booking page only | F14: https://www.facebook.com/profile.php?id=100054596733057 | H14: 5 | I14: 199 | J14: Beccles | K14: NR34 7BF | L14: Tilia Ct, Beccles NR34 7BF | M14: 8–9am or 4–5pm | N14: Open map
A15: 14 | B15: Saxmundham Hand Car Wash | C15: Car Wash | D15: 07786 868160 | E15: None | H15: 4.2 | I15: 107 | J15: Saxmundham | K15: IP17 1AN | L15: B1121, Saxmundham IP17 1AN | M15: 8–9am or 4–5pm | N15: Open map
A16: 15 | B16: Fram Hand Car Wash | C16: Car Wash | D16: 07950 483515 | E16: None | H16: 4.8 | I16: 78 | J16: Woodbridge | K16: IP13 9LL | L16: 7 Woodbridge Rd, Framlingham, Woodbridge IP13 9LL | M16: 8–9am or 4–5pm | N16: Open map
A17: 16 | B17: Part Worn & New Tyres | C17: Tyre Shop | D17: 07400 098718 | E17: Social / booking page only | F17: https://www.facebook.com/pages/Bury-St-Edmunds-Hand-Car-Wash-Part-Worn-Tyres/1592208594387224?ref=hl | H17: 4 | I17: 154 | J17: Bury Saint Edmunds | K17: IP32 1AD | L17: Malthouse Ln, Bury St Edmunds, Bury Saint Edmunds IP32 1AD | M17: 8–9am or 4–5pm | N17: Open map
A18: 17 | B18: M K Autos | C18: Vehicle Repair | D18: 01359 245998 | E18: None | H18: 4.8 | I18: 128 | J18: Bury Saint Edmunds | K18: IP30 9HN | L18: Grove Ln, Elmswell, Bury Saint Edmunds IP30 9HN | M18: 8–9am or 4–5pm | N18: Open map
A19: 18 | B19: Alex Crow | C19: Vehicle Repair | D19: 01449 258185 | E19: None | H19: 4.9 | I19: 119 | J19: Stowmarket | K19: IP14 5AG | L19: Unit 5E, The Maltings Business Center, Stowupland Rd, Stowmarket IP14 5AG | M19: 8–9am or 4–5pm | N19: Open map
A20: 19 | B20: Hand Car Wash | C20: Car Wash | D20: 07453 304958 | E20: None | H20: 4 | I20: 91 | J20: Stowmarket | K20: IP14 1EQ | L20: Station Road East The Weighbrifge, Charringtons Yard, Stowmarket IP14 1EQ | M20: 8–9am or 4–5pm | N20: Open map
A21: 20 | B21: U-wash Launderette | C21: Laundry | D21: 07944 611767 | E21: None | H21: 4 | I21: 88 | J21: Felixstowe | K21: IP11 7HN | L21: 21 Constable Rd, Felixstowe IP11 7HN | M21: 8–9am or 4–5pm | N21: Open map
A22: 21 | B22: Professional Car Wash | C22: Car Wash | D22: 07716 100021 | E22: None | H22: 4.3 | I22: 88 | J22: Ipswich | K22: IP3 8AB | L22: 77 Fore Hamlet, Ipswich IP3 8AB | M22: 8–9am or 4–5pm | N22: Open map
A23: 22 | B23: Clarke Valeting | D23: 07557 145480 | E23: None | H23: 5 | I23: 54 | J23: Woodbridge | K23: IP12 2UF | L23: 9 Fountain Rd, Rendlesham, Woodbridge IP12 2UF | M23: 8–9am or 4–5pm | N23: Open map
A24: 23 | B24: M L Autocare | C24: Vehicle Repair | D24: 07568 213463 | E24: None | H24: 5 | I24: 51 | J24: Woodbridge | K24: IP12 4RF | L24: The St, Martlesham, Woodbridge IP12 4RF | M24: 8–9am or 4–5pm | N24: Open map
A25: 24 | B25: R J Car and Commercial | C25: Vehicle Repair | D25: 01473 250086 | E25: None | H25: 4.9 | I25: 107 | J25: Ipswich | K25: IP4 2ES | L25: 2 Hervey St, Ipswich IP4 2ES | M25: 8–9am or 4–5pm | N25: Open map
A26: 25 | B26: E.S AUTO TECH | C26: Vehicle Repair | D26: 07933 144133 | E26: Social / booking page only | F26: https://www.facebook.com/EastAnglia0/ | H26: 5 | I26: 105 | J26: Brandon | K26: IP27 0PD | L26: Unit 9, Beaumont Court, Brandon IP27 0PD | M26: 8–9am or 4–5pm | N26: Open map
A27: 26 | B27: Burkitts Lane Garage | C27: Vehicle Repair | D27: 01787 373030 | E27: None | H27: 4.8 | I27: 104 | J27: Sudbury | K27: CO10 1HB | L27: Burkitts Ln, Sudbury CO10 1HB | M27: 8–9am or 4–5pm | N27: Open map
A28: 27 | B28: Hillside Service Centre | C28: Vehicle Repair | D28: 01284 754646 | E28: None | H28: 4.8 | I28: 101 | J28: Bury Saint Edmunds | K28: IP32 7EA | L28: 18 Hillside Road, Bury St Edmunds, Bury Saint Edmunds IP32 7EA | M28: 8–9am or 4–5pm | N28: Open map
A29: 28 | B29: Haynings Service Station Ltd | C29: Vehicle Repair | D29: 01728 723528 | E29: None | H29: 4.7 | I29: 99 | J29: Woodbridge | K29: IP13 9DB | L29: 2 Saxmundham Rd, Framlingham, Woodbridge IP13 9DB | M29: 8–9am or 4–5pm | N29: Open map
A30: 29 | B30: On The Road Motor Services | C30: Vehicle Repair | D30: 07772 544842 | E30: None | H30: 5 | I30: 42 | J30: Beccles | K30: NR34 7FA | L30: Unit 10b, Boasts Industrial Park, College Ln, Beccles NR34 7FA | M30: 8–9am or 4–5pm | N30: Open map
A31: 30 | B31: Mobile mechanic Ipswich(cars and vans) | C31: Vehicle Repair | D31: 07462 487516 | E31: Social / booking page only | F31: https://www.facebook.com/carsandvansservicingandrepair | H31: 4.7 | I31: 96 | J31: Ipswich | K31: IP4 5LX | L31: Spring Rd, Ipswich IP4 5LX | M31: 8–9am or 4–5pm | N31: Open map
A32: 31 | B32: Elson hand car wash | C32: Car Wash | D32: 07378 857174 | E32: None | H32: 4.4 | I32: 65 | J32: Sudbury | K32: CO10 1TL | L32: 8-9 Old Market Place, Sudbury CO10 1TL | M32: 8–9am or 4–5pm | N32: Open map
A33: 32 | B33: Alex’s Brockford Prestige Car Wash & Detailing Center | C33: Car Wash | D33: 07482 900961 | E33: None | H33: 4.8 | I33: 37 | J33: Stowmarket | K33: IP14 5PF | L33: Norwich Rd, Stowmarket IP14 5PF | M33: 8–9am or 4–5pm | N33: Open map
A34: 33 | B34: Amazing Mobile Mechanic Newmarket | C34: Vehicle Repair | D34: 07345 636037 | E34: None | H34: 4.8 | I34: 35 | J34: Newmarket | K34: CB8 7BP | L34: 5 Bury Rd, Newmarket CB8 7BP | M34: 8–9am or 4–5pm | N34: Open map
A35: 34 | B35: Station Hand Car Wash | C35: Car Wash | D35: 01638 515486 | E35: None | H35: 3.5 | I35: 151 | J35: Bury Saint Edmunds | K35: IP32 1AD | L35: Malthouse Lane, Bury St Edmunds, Bury Saint Edmunds IP32 1AD | M35: 8–9am or 4–5pm | N35: Open map
A36: 35 | B36: Norwich Road Garage (Lowestoft) | C36: Vehicle Repair | D36: 01502 560456 | E36: None | H36: 4.5 | I36: 93 | J36: Lowestoft | K36: NR32 2BN | L36: 91 Norwich Rd, Norwich Road Industrial Estate, Lowestoft NR32 2BN | M36: 8–9am or 4–5pm | N36: Open map
A37: 36 | B37: M.D Saunders Auto Repair | C37: Vehicle Repair | D37: 01379 873569 | E37: None | H37: 4.9 | I37: 91 | J37: Eye | K37: IP23 7HN | L37: Broome Industrial Estate, Unit 16 Fortress Close, Eye IP23 7HN | M37: 8–9am or 4–5pm | N37: Open map
A38: 37 | B38: David Hughes and Son Ltd | C38: Vehicle Repair | D38: 01284 700055 | E38: None | H38: 4.9 | I38: 89 | J38: Bury Saint Edmunds | K38: IP32 7HX | L38: 15 & 16 Mercers Rd, Bury St Edmunds, Bury Saint Edmunds IP32 7HX | M38: 8–9am or 4–5pm | N38: Open map
A39: 38 | B39: Hand Car Wash | C39: Car Wash | D39: 07482 900961 | E39: None | H39: 4.6 | I39: 31 | J39: Stowmarket | K39: IP14 5PF | L39: A140, Stowmarket IP14 5PF | M39: 8–9am or 4–5pm | N39: Open map
A40: 39 | B40: Framlingham Car Sales. | C40: Car Dealer | D40: 07359 794988 | E40: None | H40: 4.6 | I40: 29 | J40: Woodbridge | K40: IP13 9RD | L40: Saxtead, Framlingham, Woodbridge IP13 9RD | M40: 8–9am or 4–5pm | N40: Open map
A41: 40 | B41: Auto Market Place Garage | C41: Vehicle Repair | D41: 07401 063418 | E41: None | H41: 5 | I41: 27 | J41: Saxmundham | K41: IP17 1BE | L41: St John's Road, Saxmundham IP17 1BE | M41: 8–9am or 4–5pm | N41: Open map
A42: 41 | B42: Supertread Tyres & Exhausts | C42: Tyre Shop | D42: 01473 211433 | E42: None | H42: 4.7 | I42: 86 | J42: Ipswich | K42: IP3 0DL | L42: 3 Holywells Rd, Ipswich IP3 0DL | M42: 8–9am or 4–5pm | N42: Open map
A43: 42 | B43: Button & Turner Ltd | C43: Vehicle Repair | D43: 01449 676854 | E43: None | H43: 4.9 | I43: 83 | J43: Stowmarket | K43: IP14 2AW | L43: 8 Needham Rd, Combs Ford, Stowmarket IP14 2AW | M43: 8–9am or 4–5pm | N43: Open map
... A73: 72 | B73: Affordable Service Centre | C73: Vehicle Repair | D73: 07599 684708 | E73: None | H73: 5 | I73: 1 | J73: Halstead | K73: CO9 4BB | L73: Unit 3, 4 Sturmer Rd, Haverhill, Halstead CO9 4BB | M73: 8–9am or 4–5pm | N73: Open map
A74: 73 | B74: Elijah’s premium mobile valeting service | D74: 07918 597189 | E74: None | H74: 5 | I74: 1 | J74: Ipswich | K74: IP5 2GH | L74: Adams Pl, Kesgrave, Ipswich IP5 2GH | M74: 8–9am or 4–5pm | N74: Open map
A75: 74 | B75: Service Master | C75: Vehicle Repair | D75: 07858 925713 | E75: None | H75: 5 | I75: 1 | J75: Ipswich | K75: IP2 0DD | L75: Elton Park Business Centre, Ipswich IP2 0DD | M75: 8–9am or 4–5pm | N75: Open map
A76: 75 | B76: All In Auto Services | C76: Vehicle Repair | D76: 01728 746999 | E76: None | H76: 5 | I76: 52 | J76: Woodbridge | K76: IP13 0TA | L76: 15 Riverside View, Wickham Market, Woodbridge IP13 0TA | M76: 8–9am or 4–5pm | N76: Open map
A77: 76 | B77: A J Palmer | C77: Vehicle Repair | D77: 01359 271678 | E77: None | H77: 4.9 | I77: 51 | J77: Bury Saint Edmunds | K77: IP30 9ND | L77: 6 Woodlands Rd, Rougham, Battlies Green, Bury Saint Edmunds IP30 9ND | M77: 8–9am or 4–5pm | N77: Open map
A78: 77 | B78: J M SYMONDS LTD | C78: Vehicle Repair | D78: 01394 277472 | E78: None | H78: 5 | I78: 51 | J78: Felixstowe | K78: IP11 7SL | L78: 13 Bridge Rd, Felixstowe IP11 7SL | M78: 8–9am or 4–5pm | N78: Open map
A79: 78 | B79: RM Autos Group Limited | C79: Vehicle Repair | D79: 01394 672005 | E79: Social / booking page only | F79: https://www.facebook.com/profile.php?id=61580365783407 | H79: 4.9 | I79: 110 | J79: Felixstowe | K79: IP11 7SL | L79: 5 Bridge Rd, Felixstowe IP11 7SL | M79: 8–9am or 4–5pm | N79: Open map
A80: 79 | B80: Star Car Wash | C80: Car Wash | D80: 07835 354585 | E80: Social / booking page only | F80: https://www.facebook.com/Star-Car-Wash-278044189312978/ | H80: 4.2 | I80: 78 | J80: Stowmarket | K80: IP14 1JF | L80: 1JF, Bury Rd, Stowmarket IP14 1JF | M80: 8–9am or 4–5pm | N80: Open map
A81: 80 | B81: Samkin Of Saxmundham Ltd | C81: Vehicle Repair | D81: 01728 602071 | E81: None | H81: 4.5 | I81: 50 | J81: Saxmundham | K81: IP17 1DJ | L81: 28 Chantry Rd, Saxmundham IP17 1DJ | M81: 8–9am or 4–5pm | N81: Open map
A82: 81 | B82: Bull Lane Garage | C82: Vehicle Repair | D82: 01787 377367 | E82: None | H82: 4.9 | I82: 50 | J82: Sudbury | K82: CO10 0BE | L82: Bull Ln, Sudbury CO10 0BE | M82: 8–9am or 4–5pm | N82: Open map
A83: 82 | B83: Harding Garage Services Ltd | C83: Vehicle Repair | D83: 01440 820391 | E83: None | H83: 4.6 | I83: 48 | J83: Newmarket | K83: CB8 9XX | L83: Bury Rd, Stradishall, Newmarket CB8 9XX | M83: 8–9am or 4–5pm | N83: Open map
A84: 83 | B84: East Coast Hand Car Wash | C84: Car Wash | D84: 07500 563496 | E84: None | H84: 4.4 | I84: 16 | J84: Lowestoft | K84: NR32 1RR | L84: Katwijk Way, Lowestoft NR32 1RR | M84: 8–9am or 4–5pm | N84: Open map
A85: 84 | B85: Henstead Motor Company | C85: Vehicle Repair | D85: 01502 714177 | E85: None | H85: 4.9 | I85: 45 | J85: Beccles | K85: NR34 7TD | L85: Ellough Industrial Estate, Ellough, Beccles NR34 7TD | M85: 8–9am or 4–5pm | N85: Open map
A86: 85 | B86: Southwold Auto Services | C86: Vehicle Repair | D86: 01502 723140 | E86: None | H86: 4.9 | I86: 45 | J86: Southwold | K86: IP18 6SZ | L86: 24 Fountain Way, Reydon, Southwold IP18 6SZ | M86: 8–9am or 4–5pm | N86: Open map
A87: 86 | B87: Needham Motor Engineers Ltd | C87: Vehicle Repair | D87: 01449 722240 | E87: None | H87: 5 | I87: 40 | J87: Ipswich | K87: IP6 8NZ | L87: Unit 21 Maitland Rd, Needham Market, Ipswich IP6 8NZ | M87: 8–9am or 4–5pm | N87: Open map
A88: 87 | B88: Kelly’s Autos & Car Sales | C88: Vehicle Repair | D88: 01449 541111 | E88: None | H88: 4.6 | I88: 35 | J88: Stowmarket | K88: IP14 1HP | L88: Union St E, Stowmarket IP14 1HP | M88: 8–9am or 4–5pm | N88: Open map
A89: 88 | B89: Champkin Auto Repairs | C89: Vehicle Repair | D89: 01394 383365 | E89: None | H89: 5 | I89: 34 | J89: Woodbridge | K89: IP12 1QP | L89: 12 St Audrys Ln, Melton, Woodbridge IP12 1QP | M89: 8–9am or 4–5pm | N89: Open map
A90: 89 | B90: Balushi Motors Ltd | C90: Vehicle Repair | D90: 07846 188489 | E90: None | H90: 4.1 | I90: 8 | J90: Newmarket | K90: CB8 0AP | L90: Unit 5 Laureate Esates LLP, Laureate Paddocks, Newmarket CB8 0AP | M90: 8–9am or 4–5pm | N90: Open map
A91: 90 | B91: Suffolk Ipswich | C91: Car Wash | D91: 07572 269211 | E91: None | H91: 4.4 | I91: 7 | J91: Stowmarket | K91: IP14 5JT | L91: 12-8 Norwich Rd, Little Stonham, Stowmarket IP14 5JT | M91: 8–9am or 4–5pm | N91: Open map
A92: 91 | B92: Barry Keymer Motor Repairs Ltd | C92: Vehicle Repair | D92: 01284 767913 | E92: None | H92: 4.8 | I92: 33 | J92: Bury Saint Edmunds | K92: IP32 7HX | L92: 1 Mercers Rd, Bury St Edmunds, Bury Saint Edmunds IP32 7HX | M92: 8–9am or 4–5pm | N92: Open map
... A104: 103 | B104: Lowestoft Motor Co | C104: Vehicle Repair | D104: 01502 561192 | E104: None | H104: 5 | I104: 25 | J104: Lowestoft | K104: NR33 0EE | L104: 10A College Rd, Lowestoft NR33 0EE | M104: 8–9am or 4–5pm | N104: Open map
A105: 104 | B105: RTY Pcs Cleaning & Car Valeting | C105: Car Wash | D105: 07427 768308 | E105: Social / booking page only | F105: http://cardetailing763.booksy.com/a/ | H105: 5 | I105: 24 | J105: Bury Saint Edmunds | K105: IP28 7AY | L105: 18A Chiswick Ave, Mildenhall, Bury Saint Edmunds IP28 7AY | M105: 8–9am or 4–5pm | N105: Open map
A106: 105 | B106: ICC CAR WASH & Valeting Service | C106: Car Wash | D106: 07787 490998 | E106: None | H106: 2.9 | I106: 23 | J106: Ipswich | K106: IP1 1SL | L106: Falcon St, Ipswich IP1 1SL | M106: 8–9am or 4–5pm | N106: Open map
A107: 106 | B107: J & D Autos | C107: Vehicle Repair | D107: 01842 814788 | E107: None | H107: 4.8 | I107: 22 | J107: Brandon | K107: IP27 0ND | L107: 3 Highbury Rd, Brandon IP27 0ND | M107: 8–9am or 4–5pm | N107: Open map
A108: 107 | B108: Technic Motors | C108: Vehicle Repair | D108: 01440 712500 | E108: None | H108: 5 | I108: 22 | J108: Haverhill | K108: CB9 8QU | L108: units 1-2, fenfields, Homefield Rd, Haverhill CB9 8QU | M108: 8–9am or 4–5pm | N108: Open map
A109: 108 | B109: TSR Motors | C109: Vehicle Repair | D109: 01842 860226 | E109: None | H109: 4.6 | I109: 21 | J109: Brandon | K109: IP27 9AH | L109: Hall Barns, Eriswell Rd, Lakenheath, Brandon IP27 9AH | M109: 8–9am or 4–5pm | N109: Open map
A110: 109 | B110: C&D Motors | C110: Vehicle Repair | D110: 01842 814200 | E110: None | H110: 4.8 | I110: 20 | J110: Brandon | K110: IP27 0NZ | L110: 1-4, Wimbledon Ave, Brandon IP27 0NZ | M110: 8–9am or 4–5pm | N110: Open map
A111: 110 | B111: Manor Garage | C111: Vehicle Repair | D111: 01502 800508 | E111: None | H111: 4.9 | I111: 20 | J111: Lowestoft | K111: NR32 1HR | L111: 140 High St, Lowestoft NR32 1HR | M111: 8–9am or 4–5pm | N111: Open map
A112: 111 | B112: M P A Classics | C112: Vehicle Repair | D112: 01449 767070 | E112: None | H112: 5 | I112: 20 | J112: Stowmarket | K112: IP14 5QJ | L112: 2 Station Rd, Stowmarket IP14 5QJ | M112: 8–9am or 4–5pm | N112: Open map
A113: 112 | B113: Finlay's Garage | C113: Vehicle Repair | D113: 01394 411712 | E113: None | H113: 4.7 | I113: 20 | J113: Woodbridge | K113: IP12 3LH | L113: The St, Boyton, Woodbridge IP12 3LH | M113: 8–9am or 4–5pm | N113: Open map
A114: 113 | B114: A C Mutimer Ltd | C114: Vehicle Repair | D114: 01728 747534 | E114: None | H114: 4.8 | I114: 18 | J114: Woodbridge | K114: IP13 0DR | L114: The Garage, The St, Woodbridge IP13 0DR | M114: 8–9am or 4–5pm | N114: Open map
A115: 114 | B115: Mark Brewer Leiston Car Body Repair Centre | C115: Vehicle Repair | D115: 01728 830800 | E115: None | H115: 5 | I115: 17 | J115: Leiston | K115: IP16 4JD | L115: Unit 16, Master Lord Industrial Estate, Leiston IP16 4JD | M115: 8–9am or 4–5pm | N115: Open map
A116: 115 | B116: Palfrey Motor Repairs | C116: Vehicle Repair | D116: 01449 766083 | E116: None | H116: 5 | I116: 17 | J116: Stowmarket | K116: IP14 5QJ | L116: The Old Trowel Barn, Wetheringsett, Stowmarket IP14 5QJ | M116: 8–9am or 4–5pm | N116: Open map
A117: 116 | B117: Station autos | C117: Vehicle Repair | D117: 01787 282225 | E117: None | H117: 4.7 | I117: 17 | J117: Sudbury | K117: CO10 7QR | L117: Lower Rd, Glemsford, Sudbury CO10 7QR | M117: 8–9am or 4–5pm | N117: Open map
... A135: 134 | B135: Glemsford Motor Services | C135: Vehicle Repair | D135: 01787 280307 | E135: None | H135: 4.9 | I135: 10 | J135: Sudbury | K135: CO10 0BD | L135: Unit 1, Bull Lane Industrial Estate, Bull Ln, Acton, Sudbury CO10 0BD | M135: 8–9am or 4–5pm | N135: Open map
A136: 135 | B136: KRM Car-Tech | C136: Vehicle Repair | D136: 01440 714073 | E136: Social / booking page only | F136: http://facebook.com/krmcartech | H136: 4.9 | I136: 67 | J136: Haverhill | K136: CB9 8PH | L136: Raymond Court, Piperell Way, Haverhill CB9 8PH | M136: 8–9am or 4–5pm | N136: Open map
A137: 136 | B137: Fullers | C137: Auto Parts Store | D137: 01728 746743 | E137: None | H137: 4.2 | I137: 33 | J137: Woodbridge | K137: IP13 0TA | L137: 29 Riverside View, Wickham Market, Woodbridge IP13 0TA | M137: 8–9am or 4–5pm | N137: Open map
A138: 137 | B138: Polestar commercials Limited | C138: Vehicle Repair | D138: 07722 400999 | E138: None | H138: 3.7 | I138: 9 | J138: Felixstowe | K138: IP11 4HU | L138: Trinity Ave, Felixstowe IP11 4HU | M138: 8–9am or 4–5pm | N138: Open map
A139: 138 | B139: AFM Racing ltd | C139: Vehicle Repair | D139: 01473 636654 | E139: None | H139: 5 | I139: 9 | J139: Ipswich | K139: IP5 3RH | L139: 3 Betts Ave, Martlesham Heath, Martlesham, Ipswich IP5 3RH | M139: 8–9am or 4–5pm | N139: Open map
A140: 139 | B140: CSC CAR SERVICE CENTRE LTD | C140: Vehicle Repair | D140: 01787 373557 | E140: None | H140: 5 | I140: 9 | J140: Sudbury | K140: CO10 2AN | L140: GARAGE, Quay Ln, Sudbury CO10 2AN | M140: 8–9am or 4–5pm | N140: Open map
A141: 140 | B141: Haverhill Tyres | C141: Tyre Shop | D141: 01440 714330 | E141: None | H141: 4.9 | I141: 7 | J141: Haverhill | K141: CB9 0EL | L141: Unit 6 Reeds Ln, Haverhill CB9 0EL | M141: 8–9am or 4–5pm | N141: Open map
A142: 141 | B142: Silver Street | C142: Vehicle Repair | D142: 01440 714423 | E142: None | H142: 4.7 | I142: 7 | J142: Haverhill | K142: CB9 7QG | L142: Silver St, Kedington, Haverhill CB9 7QG | M142: 8–9am or 4–5pm | N142: Open map
A143: 142 | B143: Elite Motor Services | C143: Vehicle Repair | D143: 01502 218660 | E143: None | H143: 4.8 | I143: 6 | J143: Beccles | K143: NR34 7TJ | L143: Unit 5 Excalibur Halls Estate Anson Way Beccles Buisness Park, Ellough, Beccles NR34 7TJ | M143: 8–9am or 4–5pm | N143: Open map
A144: 143 | B144: Horn Hill Test Centre - Lightning Storm Ltd | C144: Vehicle Repair | D144: 01502 584169 | E144: None | H144: 5 | I144: 6 | J144: Lowestoft | K144: NR33 0PX | L144: 2 Horn Hill, Lowestoft NR33 0PX | M144: 8–9am or 4–5pm | N144: Open map
A145: 144 | B145: DRIVE-SAFE MOT TESTING STATION LTD | C145: Vehicle Repair | D145: 07398 999459 | E145: Social / booking page only | F145: https://www.facebook.com/profile.php?id=61594006384125 | H145: 5 | I145: 5 | J145: Brandon | K145: IP27 0NZ | L145: 30 Wimbledon Ave, Brandon IP27 0NZ | M145: 8–9am or 4–5pm | N145: Open map
A146: 145 | B146: JG Auto Services | C146: Vehicle Repair | D146: 01284 335330 | E146: None | H146: 5 | I146: 5 | J146: Bury Saint Edmunds | K146: IP32 7BE | L146: 3a Barton Rd, Bury St Edmunds, Bury Saint Edmunds IP32 7BE | M146: 8–9am or 4–5pm | N146: Open map
A147: 146 | B147: Car & Commercial Body Shop Ltd | C147: Vehicle Repair | D147: 01986 892173 | E147: None | H147: 4.8 | I147: 4 | J147: Bungay | K147: NR35 1EA | L147: 12 Scales St, Bungay NR35 1EA | M147: 8–9am or 4–5pm | N147: Open map
A148: 147 | B148: Hoxne Service Station | C148: Vehicle Repair | D148: 01379 668654 | E148: None | H148: 5 | I148: 4 | J148: Eye | K148: IP21 5AJ | L148: Cross St, Hoxne, Eye IP21 5AJ | M148: 8–9am or 4–5pm | N148: Open map
A149: 148 | B149: Boundary Garage | C149: Vehicle Repair | D149: 01473 823769 | E149: None | H149: 4.8 | I149: 4 | J149: Ipswich | K149: IP7 5PJ | L149: Highfields, Pond Hall Rd, Hadleigh, Ipswich IP7 5PJ | M149: 8–9am or 4–5pm | N149: Open map
A150: 149 | B150: ATC Autotech | C150: Vehicle Repair | D150: 01638 583959 | E150: None | H150: 5 | I150: 3 | J150: Bury Saint Edmunds | K150: IP28 7AN | L150: 57 Field Rd, Mildenhall, Bury Saint Edmunds IP28 7AN | M150: 8–9am or 4–5pm | N150: Open map
A151: 150 | B151: Bury St Edmunds MOT | C151: Vehicle Repair | D151: 01284 704285 | E151: None | H151: 5 | I151: 3 | J151: Bury Saint Edmunds | K151: IP33 3TU | L151: LG Dettingen Way, Bury St Edmunds, Bury Saint Edmunds IP33 3TU | M151: 8–9am or 4–5pm | N151: Open map
A152: 151 | B152: Tyres Direct | C152: Tyre Shop | D152: 01440 705505 | E152: None | H152: 5 | I152: 3 | J152: Haverhill | K152: CB9 8PH | L152: Unit 9, Piperell Way, Haverhill CB9 8PH | M152: 8–9am or 4–5pm | N152: Open map
A153: 152 | B153: Dales Road MOT Centre LTD | C153: Vehicle Repair | D153: 01473 551377 | E153: None | H153: 5 | I153: 3 | J153: Ipswich | K153: IP1 4JY | L153: Dales Rd, Ipswich IP1 4JY | M153: 8–9am or 4–5pm | N153: Open map
A154: 153 | B154: Express hand Carwash Snape | C154: Car Wash | D154: 07397 343917 | E154: None | H154: 1 | I154: 3 | J154: Saxmundham | K154: IP17 1QW | L154: Church Garage, Farnham Rd, Saxmundham IP17 1QW | M154: 8–9am or 4–5pm | N154: Open map
A155: 154 | B155: Stratford Motor Company Ltd | C155: Vehicle Repair | D155: 01728 688241 | E155: None | H155: 5 | I155: 3 | J155: Saxmundham | K155: IP17 1QE | L155: Main Rd, Snape, Saxmundham IP17 1QE | M155: 8–9am or 4–5pm | N155: Open map
A156: 155 | B156: LB servicing and repairs | C156: Vehicle Repair | D156: 07926 862802 | E156: Social / booking page only | F156: https://www.facebook.com/profile.php?id=61550714482741 | H156: 5 | I156: 3 | J156: Woodbridge | K156: IP13 0LA | L156: Church Rd, Dallinghoo, Woodbridge IP13 0LA | M156: 8–9am or 4–5pm | N156: Open map
A157: 156 | B157: Oliver Automotive Ltd | C157: Vehicle Repair | D157: 01449 770293 | E157: Social / booking page only | F157: https://www.facebook.com/OLIVERAUTOMOTIVELTD | H157: 5 | I157: 60 | J157: Stowmarket | K157: IP14 5AH | L157: Unit 6, Stowmarket IP14 5AH | M157: 8–9am or 4–5pm | N157: Open map
...

Sheet Beauty & nails
A1: Rank | B1: Business name | C1: Category | D1: Phone | E1: Website status | F1: Website | G1: Check first | H1: Rating | I1: Reviews | J1: Town | K1: Postcode | L1: Address | M1: Best time to call | N1: Google Maps | O1: Checked no website? (Y/N) | P1: Called (date) | Q1: Outcome | R1: Notes
A2: 1 | B2: T&A Nails Spa | C2: Nail Salon | D2: 07346 366456 | E2: Social / booking page only | F2: https://www.instagram.com/tanails.spa?igsh=MXh4cGFxaW51Y3I1cg%3D%3D&utm_source= | H2: 4.8 | I2: 331 | J2: Ipswich | K2: IP1 3BB | L2: Unit 14, Sailmakers Centre, Ipswich IP1 3BB | M2: Weekday 10am–12pm or early afternoon (between clients) | N2: Open map
A3: 2 | B3: Princess Nails | C3: Nail Salon | D3: 07735 889629 | E3: Social / booking page only | F3: https://www.instagram.com/princessnails424?igsh=MWo2anMweHB4cnV4MQ%3D%3D&utm_source= | H3: 4.9 | I3: 816 | J3: Ipswich | K3: IP4 1BA | L3: 22 Tacket St, Ipswich IP4 1BA | M3: Weekday 10am–12pm or early afternoon (between clients) | N3: Open map
A4: 3 | B4: Supreme nail | C4: Nail Salon | D4: 07878 253435 | E4: Social / booking page only | F4: https://www.appointfix.com/book/Supreme-nail | H4: 4.8 | I4: 197 | J4: Sudbury | K4: CO10 2ET | L4: 8A Gainsborough St, Sudbury CO10 2ET | M4: Weekday 10am–12pm or early afternoon (between clients) | N4: Open map
A5: 4 | B5: Bury Nail Spa and Beauty | C5: Beauty Salon | D5: 07719 785482 | E5: Social / booking page only | F5: https://www.instagram.com/burynailspaandbeauty?igsh=MTExOXR0dHY0dnBsZw%3D%3D&utm_source=qr | H5: 4.9 | I5: 175 | J5: Bury Saint Edmunds | K5: IP33 1SQ | L5: 3 St John's St, Bury St Edmunds, Bury Saint Edmunds IP33 1SQ | M5: Weekday 10am–12pm or early afternoon (between clients) | N5: Open map
A6: 5 | B6: Little Nails | C6: Nail Salon | D6: 07440 363138 | E6: None | H6: 4.7 | I6: 93 | J6: Stowmarket | K6: IP14 1AB | L6: Unit 9, old fox yard, 27 Ipswich St, Stowmarket IP14 1AB | M6: Weekday 10am–12pm or early afternoon (between clients) | N6: Open map
A7: 6 | B7: Last Night's Nails | C7: Nail Salon | D7: 07973 923042 | E7: None | H7: 5 | I7: 90 | J7: Ipswich | K7: IP4 4DB | L7: 171 Brunswick Rd, Ipswich IP4 4DB | M7: Weekday 10am–12pm or early afternoon (between clients) | N7: Open map
A8: 7 | B8: Felixstowe Nails Spa | C8: Nail Salon | D8: 01394 334504 | E8: Social / booking page only | F8: http://www.instagram.com/felixstowenailsspa | H8: 4.9 | I8: 201 | J8: Felixstowe | K8: IP11 7BL | L8: 123 Hamilton Rd, Felixstowe IP11 7BL | M8: Weekday 10am–12pm or early afternoon (between clients) | N8: Open map
A9: 8 | B9: Newmarket Nails & Spa | C9: Nail Salon | D9: 07466 032511 | E9: None | H9: 4.9 | I9: 74 | J9: Newmarket | K9: CB8 8DT | L9: 1 Old Station Rd, Newmarket CB8 8DT | M9: Weekday 10am–12pm or early afternoon (between clients) | N9: Open map
A10: 9 | B10: Zara’s Hair Studio | C10: Beauty Salon | D10: 07838 515994 | E10: None | H10: 5 | I10: 72 | J10: Ipswich | K10: IP4 2FB | L10: 304 Old Foundry Rd, Ipswich IP4 2FB | M10: Weekday 10am–12pm or early afternoon (between clients) | N10: Open map
A11: 10 | B11: H Beauty | C11: Beauty Salon | D11: 07778 516238 | E11: None | H11: 5 | I11: 68 | J11: Newmarket | K11: CB8 8DL | L11: 8 Rous Rd, Newmarket CB8 8DL | M11: Weekday 10am–12pm or early afternoon (between clients) | N11: Open map
A12: 11 | B12: Freyaroseaesthetics | C12: Beautician | D12: 07387 220646 | E12: None | H12: 4.9 | I12: 66 | J12: Lowestoft | K12: NR33 7NL | L12: 60 Pinbush Rd, Lowestoft NR33 7NL | M12: Weekday 10am–12pm or early afternoon (between clients) | N12: Open map
A13: 12 | B13: N&P Nails | C13: Nail Salon | D13: 07909 291140 | E13: None | H13: 4.4 | I13: 93 | J13: Bury Saint Edmunds | K13: IP33 1BJ | L13: 10 The Traverse, Bury St Edmunds, Bury Saint Edmunds IP33 1BJ | M13: Weekday 10am–12pm or early afternoon (between clients) | N13: Open map
A14: 13 | B14: Newmarket Queen's nails | C14: Nail Salon | D14: 07968 366666 | E14: Social / booking page only | F14: https://www.facebook.com/newmarket.queensnail | H14: 4.6 | I14: 113 | J14: Newmarket | K14: CB8 8EW | L14: 1 Sun Ln, Newmarket CB8 8EW | M14: Weekday 10am–12pm or early afternoon (between clients) | N14: Open map
A15: 14 | B15: REMY NAILS | C15: Nail Salon | D15: 07932 545336 | E15: None | H15: 4.1 | I15: 81 | J15: Newmarket | K15: CB8 8EE | L15: 25 Market St, Newmarket CB8 8EE | M15: Weekday 10am–12pm or early afternoon (between clients) | N15: Open map
A16: 15 | B16: Nails & Beauty | C16: Nail Salon | D16: 01473 287279 | E16: None | H16: 4 | I16: 123 | J16: Ipswich | K16: IP4 1EE | L16: 10 Upper Brook St, Ipswich IP4 1EE | M16: Weekday 10am–12pm or early afternoon (between clients) | N16: Open map
A17: 16 | B17: Goddess Nails | C17: Beauty Salon | D17: 07512 094706 | E17: None | H17: 4.9 | I17: 35 | J17: Lowestoft | K17: NR32 2AA | L17: 3 Bevan St E, Lowestoft NR32 2AA | M17: Weekday 10am–12pm or early afternoon (between clients) | N17: Open map
A18: 17 | B18: Valentines beauty 14 | C18: Beauty Salon | D18: 07861 305717 | E18: None | H18: 5 | I18: 35 | J18: Lowestoft | K18: NR32 3LD | L18: 9 Longfield Way, Oulton Broad, Lowestoft NR32 3LD | M18: Weekday 10am–12pm or early afternoon (between clients) | N18: Open map
A19: 18 | B19: NazB Beauty Studio | C19: Beauty Salon | D19: 07466 904070 | E19: None | H19: 5 | I19: 28 | J19: Newmarket | K19: CB8 8NT | L19: Fred Archer Way, Newmarket CB8 8NT | M19: Weekday 10am–12pm or early afternoon (between clients) | N19: Open map
A20: 19 | B20: Tony's Nail & Spa | C20: Nail Salon | D20: 01394 286588 | E20: None | H20: 4.5 | I20: 86 | J20: Felixstowe | K20: IP11 7AU | L20: 10 Hamilton Rd, Felixstowe IP11 7AU | M20: Weekday 10am–12pm or early afternoon (between clients) | N20: Open map
A21: 20 | B21: Luxury nails 61 | C21: Nail Salon | D21: 07859 870074 | E21: Social / booking page only | F21: https://www.facebook.com/Luxurynails61 | H21: 4.6 | I21: 84 | J21: Haverhill | K21: CB9 8AH | L21: 61c High St, Haverhill CB9 8AH | M21: Weekday 10am–12pm or early afternoon (between clients) | N21: Open map
A22: 21 | B22: Megans Beauty Boutique | C22: Beauty Salon | D22: 07534 267333 | E22: None | H22: 5 | I22: 24 | J22: Felixstowe | K22: IP11 9AA | L22: 79a High Rd W, Felixstowe IP11 9AA | M22: Weekday 10am–12pm or early afternoon (between clients) | N22: Open map
A23: 22 | B23: The Lash and Brow Studio | C23: Beauty Salon | D23: 07955 207926 | E23: None | H23: 4.7 | I23: 23 | J23: Bury Saint Edmunds | K23: IP33 3AA | L23: 102 Risbygate St, Bury St Edmunds, Bury Saint Edmunds IP33 3AA | M23: Weekday 10am–12pm or early afternoon (between clients) | N23: Open map
A24: 23 | B24: Rhiannon's Beauty Box | C24: Beauty Salon | D24: 07470 005275 | E24: None | H24: 5 | I24: 22 | J24: Sudbury | K24: CO10 9JQ | L24: KLR Beauty & Aesthetics, Cocoa-Nut House, Hall St, Long Melford, Sudbury CO10 9JQ | M24: Weekday 10am–12pm or early afternoon (between clients) | N24: Open map
A25: 24 | B25: Beauty by Abbie | C25: Beauty Salon | D25: 07854 387721 | E25: None | H25: 5 | I25: 21 | J25: Stowmarket | K25: IP14 4DT | L25: 48 Oxlip Way, Stowupland, Stowmarket IP14 4DT | M25: Weekday 10am–12pm or early afternoon (between clients) | N25: Open map
A26: 25 | B26: BOSS BEAUTY BY ADELE | C26: Beauty Salon | D26: 07504 684127 | E26: None | H26: 5 | I26: 20 | J26: Leiston | K26: IP16 4EW | L26: 20 High St, Leiston IP16 4EW | M26: Weekday 10am–12pm or early afternoon (between clients) | N26: Open map
A27: 26 | B27: @ Samantha Nicole | C27: Beauty Salon | D27: 07432 795149 | E27: None | H27: 4.8 | I27: 18 | J27: Felixstowe | K27: IP11 9JB | L27: 30 High Rd W, Felixstowe IP11 9JB | M27: Weekday 10am–12pm or early afternoon (between clients) | N27: Open map
A28: 27 | B28: Lash and Brows | C28: Beauty Salon | D28: 07777 695465 | E28: None | H28: 4.8 | I28: 18 | J28: Newmarket | K28: CB8 8EE | L28: 10b Market St, Newmarket CB8 8EE | M28: Weekday 10am–12pm or early afternoon (between clients) | N28: Open map
A29: 28 | B29: Rosie Barnes Beauty | C29: Beauty Salon | D29: 07851 915541 | E29: None | H29: 5 | I29: 18 | J29: Woodbridge | K29: IP12 1BY | L29: Orwell Fitness, East Bank House, Tide Mill Way, Woodbridge IP12 1BY | M29: Weekday 10am–12pm or early afternoon (between clients) | N29: Open map
A30: 29 | B30: Glossedbyeve | C30: Nail Salon | D30: 07415 496287 | E30: None | H30: 4.8 | I30: 17 | J30: Halesworth | K30: IP19 8AR | L30: 59b Thoroughfare, Halesworth IP19 8AR | M30: Weekday 10am–12pm or early afternoon (between clients) | N30: Open map
A31: 30 | B31: Hartfully Polished | C31: Nail Salon | D31: 07519 886080 | E31: None | H31: 5 | I31: 16 | J31: Haverhill | K31: CB9 7TH | L31: Red House, Water Ln, Barnardiston, Haverhill CB9 7TH | M31: Weekday 10am–12pm or early afternoon (between clients) | N31: Open map
A32: 31 | B32: Beautiful You | C32: Beauty Salon | D32: 07899 918631 | E32: None | H32: 5 | I32: 16 | J32: Sudbury | K32: CO10 8PH | L32: Eastfield Farm Barns, Harp Ln, Cavendish Rd, Clare, Sudbury CO10 8PH | M32: Weekday 10am–12pm or early afternoon (between clients) | N32: Open map
A33: 32 | B33: ANGEL NAILS | C33: Nail Salon | D33: 01449 541114 | E33: None | H33: 4.2 | I33: 99 | J33: Stowmarket | K33: IP14 1AD | L33: 56 Ipswich St, Stowmarket IP14 1AD | M33: Weekday 10am–12pm or early afternoon (between clients) | N33: Open map
A34: 33 | B34: Luxury Nails 142 | C34: Nail Salon | D34: 07882 299024 | E34: Social / booking page only | F34: https://www.facebook.com/profile.php?id=100086510390298 | H34: 4.8 | I34: 70 | J34: Lowestoft | K34: NR33 0AZ | L34: 142 London Rd S, Lowestoft NR33 0AZ | M34: Weekday 10am–12pm or early afternoon (between clients) | N34: Open map
A35: 34 | B35: Forever Ireland Beauty | C35: Nail Salon | D35: 07930 308258 | E35: None | H35: 4.7 | I35: 15 | J35: Bury Saint Edmunds | K35: IP28 8ZU | L35: The Mulberries, Red Lodge, Bury Saint Edmunds IP28 8ZU | M35: Weekday 10am–12pm or early afternoon (between clients) | N35: Open map
A36: 35 | B36: Just Nails | C36: Nail Salon | D36: 07539 700886 | E36: None | H36: 5 | I36: 15 | J36: Stowmarket | K36: IP14 1AD | L36: 12 Ipswich St, Stowmarket IP14 1AD | M36: Weekday 10am–12pm or early afternoon (between clients) | N36: Open map
A37: 36 | B37: The Rosie Lash | C37: Beauty Salon | D37: 07548 647627 | E37: None | H37: 5 | I37: 14 | J37: Lowestoft | K37: NR33 7BS | L37: Saxon Rd, Pakefield, Lowestoft NR33 7BS | M37: Weekday 10am–12pm or early afternoon (between clients) | N37: Open map
A38: 37 | B38: Tegan Marie Beauty | C38: Beauty Salon | D38: 07790 226936 | E38: None | H38: 5 | I38: 14 | J38: Saxmundham | K38: IP17 1WR | L38: 27 Heron Rd, Saxmundham IP17 1WR | M38: Weekday 10am–12pm or early afternoon (between clients) | N38: Open map
A39: 38 | B39: LA'NULA NAILS & Beauty | C39: Nail Salon | D39: 07772 855328 | E39: None | H39: 5 | I39: 13 | J39: Felixstowe | K39: IP11 0QL | L39: 127 Kirton Rd, Trimley St Martin, Felixstowe IP11 0QL | M39: Weekday 10am–12pm or early afternoon (between clients) | N39: Open map
A40: 39 | B40: NR Aesthetics Clinic | C40: Skin Care Clinic | D40: 07946 296853 | E40: None | H40: 5 | I40: 13 | J40: Ipswich | K40: IP7 5EH | L40: 3 Maiden Wy, Hadleigh, Ipswich IP7 5EH | M40: Weekday 10am–12pm or early afternoon (between clients) | N40: Open map
A41: 40 | B41: BeautyRoom | C41: Beauty Salon | D41: 07393 738342 | E41: None | H41: 5 | I41: 11 | J41: Newmarket | K41: CB8 8ES | L41: 127 All Saints Rd, Newmarket CB8 8ES | M41: Weekday 10am–12pm or early afternoon (between clients) | N41: Open map
A42: 41 | B42: Eyecon Beauty Lounge | C42: Beauty Salon | D42: 07957 738241 | E42: None | H42: 5 | I42: 11 | J42: Stowmarket | K42: IP14 1HH | L42: 38 Bury St, Stowmarket IP14 1HH | M42: Weekday 10am–12pm or early afternoon (between clients) | N42: Open map
A43: 42 | B43: The Hourglass | C43: Beauty Salon | D43: 07445 354821 | E43: None | H43: 5 | I43: 10 | J43: Felixstowe | K43: IP11 0YA | L43: 14 Ash Ground Cl, Trimley St Martin, Felixstowe IP11 0YA | M43: Weekday 10am–12pm or early afternoon (between clients) | N43: Open map
A44: 43 | B44: Serenity Beauty | C44: Beauty Salon | D44: 07799 141051 | E44: None | H44: 5 | I44: 9 | J44: Halesworth | K44: IP19 8BD | L44: 154 Chediston St, Halesworth IP19 8BD | M44: Weekday 10am–12pm or early afternoon (between clients) | N44: Open map
A45: 44 | B45: Taylor Treatments | C45: Beauty Salon | D45: 07500 946076 | E45: None | H45: 5 | I45: 9 | J45: Ipswich | K45: IP7 6FP | L45: Keele Cl, Hadleigh, Ipswich IP7 6FP | M45: Weekday 10am–12pm or early afternoon (between clients) | N45: Open map
A46: 45 | B46: Glamour:Nails | C46: Nail Salon | D46: 07490 265224 | E46: Social / booking page only | F46: https://m.facebook.com/glamournailwoodbridge/?ref=bookmarks | H46: 4.5 | I46: 66 | J46: Woodbridge | K46: IP12 1BX | L46: 7 Quay St, Woodbridge IP12 1BX | M46: Weekday 10am–12pm or early afternoon (between clients) | N46: Open map
A47: 46 | B47: Radiance Beauty & Aesthetics by Bonny Laurelle | C47: Beauty Salon | D47: 07802 836193 | E47: None | H47: 5 | I47: 8 | J47: Felixstowe | K47: IP11 9EB | L47: 288 High St, Walton, Felixstowe IP11 9EB | M47: Weekday 10am–12pm or early afternoon (between clients) | N47: Open map
A48: 47 | B48: Sophies Nails & Beauty | C48: Nail Salon | D48: 07570 295533 | E48: None | H48: 5 | I48: 7 | J48: Bury Saint Edmunds | K48: IP32 6JU | L48: Waveney Rd, Bury St Edmunds, Bury Saint Edmunds IP32 6JU | M48: Weekday 10am–12pm or early afternoon (between clients) | N48: Open map
A49: 48 | B49: Ivyvineacrylics | C49: Nail Salon | D49: 07846 109561 | E49: None | H49: 5 | I49: 7 | J49: Lowestoft | K49: NR32 2DT | L49: 90 Seago St, Lowestoft NR32 2DT | M49: Weekday 10am–12pm or early afternoon (between clients) | N49: Open map
A50: 49 | B50: Rosie Chic Beauty Lounge | C50: Beauty Salon | D50: 07984 878869 | E50: None | H50: 5 | I50: 6 | J50: Bury Saint Edmunds | K50: IP28 8AD | L50: 21 The St, Beck Row, Bury Saint Edmunds IP28 8AD | M50: Weekday 10am–12pm or early afternoon (between clients) | N50: Open map
A51: 50 | B51: VELURA Massage & Facial | C51: Massage Services | D51: 07892 853190 | E51: None | H51: 5 | I51: 6 | J51: Felixstowe | K51: IP11 7DR | L51: 173b Hamilton Rd, Felixstowe IP11 7DR | M51: Weekday 10am–12pm or early afternoon (between clients) | N51: Open map
A52: 51 | B52: Bella Tu | C52: Beauty Salon | D52: 07899 795926 | E52: None | H52: 5 | I52: 6 | J52: Haverhill | K52: CB9 0DR | L52: 15 Minster Rd, Haverhill CB9 0DR | M52: Weekday 10am–12pm or early afternoon (between clients) | N52: Open map
A53: 52 | B53: Wild flower beauty and well-being | C53: Beauty Salon | D53: 07706 045735 | E53: None | H53: 5 | I53: 6 | J53: Ipswich | K53: IP7 6DB | L53: Kersey Mill, Unit 1 church view, Hadleigh, Ipswich IP7 6DB | M53: Weekday 10am–12pm or early afternoon (between clients) | N53: Open map
A54: 53 | B54: Beauty & Nails by Jess Hales | C54: Beauty Salon | D54: 07902 074377 | E54: None | H54: 5 | I54: 6 | J54: Sudbury | K54: CO10 9JR | L54: Pure Elements, Hawthorne Cottage, Long Melford, Sudbury CO10 9JR | M54: Weekday 10am–12pm or early afternoon (between clients) | N54: Open map
A55: 54 | B55: The Parlour | C55: Beauty Salon | D55: 07872 070522 | E55: None | H55: 5 | I55: 6 | J55: Woodbridge | K55: IP13 0RQ | L55: 179 High St, Wickham Market, Woodbridge IP13 0RQ | M55: Weekday 10am–12pm or early afternoon (between clients) | N55: Open map
A56: 55 | B56: Blossom And Bloom Beauty Room | C56: Beauty Salon | D56: 07506 043237 | E56: None | H56: 5 | I56: 5 | J56: Woodbridge | K56: IP12 2UF | L56: 5 Fountain Rd, Rendlesham, Woodbridge IP12 2UF | M56: Weekday 10am–12pm or early afternoon (between clients) | N56: Open map
A57: 56 | B57: Nails at the Retreat | C57: Nail Salon | D57: 07702 864522 | E57: None | H57: 5 | I57: 4 | J57: Sudbury | K57: CO10 0EH | L57: Kings Hill, Great Cornard, Sudbury CO10 0EH | M57: Weekday 10am–12pm or early afternoon (between clients) | N57: Open map
A58: 57 | B58: Saving Grace Nails and Beauty | C58: Nail Salon | D58: 07908 001251 | E58: None | H58: 5 | I58: 4 | J58: Sudbury | K58: CO10 2ZX | L58: Unit 15, South Suffolk Business Centre, Alexandra Rd, Sudbury CO10 2ZX | M58: Weekday 10am–12pm or early afternoon (between clients) | N58: Open map
A59: 58 | B59: The Beauty Room Sudbury | C59: Beauty Salon | D59: 07738 479167 | E59: None | H59: 5 | I59: 4 | J59: Sudbury | K59: CO10 1PX | L59: 9 Rimmer Cl, Sudbury CO10 1PX | M59: Weekday 10am–12pm or early afternoon (between clients) | N59: Open map
A60: 59 | B60: Faarah Brows and Beauty Salon | C60: Beauty Salon | D60: 07460 329834 | E60: Social / booking page only | F60: https://m.facebook.com/pages/category/Beauty--cosmetic---personal-care/Farah-Brows-Beauty-Salon-100135658458721/ | H60: 4.7 | I60: 61 | J60: Newmarket | K60: CB8 8EE | L60: 28 Market St, Newmarket CB8 8EE | M60: Weekday 10am–12pm or early afternoon (between clients) | N60: Open map
A61: 60 | B61: GJ's Salon | C61: Beauty Salon | D61: 01638 717125 | E61: None | H61: 4.9 | I61: 59 | J61: Bury Saint Edmunds | K61: IP28 7ER | L61: 7 Police Station Square, Mildenhall, Bury Saint Edmunds IP28 7ER | M61: Weekday 10am–12pm or early afternoon (between clients) | N61: Open map
A62: 61 | B62: Nays luxury nails | C62: Nail Salon | D62: 07535 623905 | E62: None | H62: 5 | I62: 3 | J62: Bury Saint Edmunds | K62: IP28 8XN | L62: 3 Teasel Cl, Red Lodge, Bury Saint Edmunds IP28 8XN | M62: Weekday 10am–12pm or early afternoon (between clients) | N62: Open map
A63: 62 | B63: Blush Hair and Beauty Bar | C63: Beauty Salon | D63: 07368 468845 | E63: None | H63: 5 | I63: 3 | J63: Stowmarket | K63: IP14 4AR | L63: Red Gables, Room 19, 20 Ipswich Rd, Stowmarket IP14 4AR | M63: Weekday 10am–12pm or early afternoon (between clients) | N63: Open map
A64: 63 | B64: Oak beauty | C64: Beauty Salon | D64: 07359 608636 | E64: None | H64: 5 | I64: 2 | J64: Felixstowe | K64: IP11 2PQ | L64: 76 Elizabeth Way, Felixstowe IP11 2PQ | M64: Weekday 10am–12pm or early afternoon (between clients) | N64: Open map
A65: 64 | B65: RJ Beauty | C65: Beauty Salon | D65: 07540 479772 | E65: None | H65: 5 | I65: 1 | J65: Brandon | K65: IP27 0LR | L65: 209 London Rd, Brandon IP27 0LR | M65: Weekday 10am–12pm or early afternoon (between clients) | N65: Open map
A66: 65 | B66: Sophie louise | C66: Beautician | D66: 07824 996138 | E66: None | H66: 5 | I66: 1 | J66: Brandon | K66: IP27 0YE | L66: 10 Martin Cl, Brandon IP27 0YE | M66: Weekday 10am–12pm or early afternoon (between clients) | N66: Open map
A67: 66 | B67: The Meaning of Beauty | C67: Beauty Salon | D67: 07595 846608 | E67: None | H67: 5 | I67: 1 | J67: Brandon | K67: IP27 0TW | L67: 7 Downham Way, Santon Downham, Brandon IP27 0TW | M67: Weekday 10am–12pm or early afternoon (between clients) | N67: Open map
A68: 67 | B68: Lashed and Waxed Kesgrave | C68: Beauty Salon | D68: 07776 333631 | E68: None | H68: 5 | I68: 1 | J68: Ipswich | K68: IP5 2FX | L68: 76 Curtis Way, Kesgrave, Ipswich IP5 2FX | M68: Weekday 10am–12pm or early afternoon (between clients) | N68: Open map
A69: 68 | B69: NOVALASH BY TONI | C69: Beauty Salon | D69: 07961 972946 | E69: None | H69: 5 | I69: 1 | J69: Leiston | K69: IP16 4UY | L69: 23 Daisy Dr, Leiston IP16 4UY | M69: Weekday 10am–12pm or early afternoon (between clients) | N69: Open map
A70: 69 | B70: VIP Beauty Suffolk | C70: Beauty Salon | D70: 07581 281394 | E70: None | H70: 5 | I70: 1 | J70: Lowestoft | K70: NR32 4DG | L70: 25 Spashett Rd, Lowestoft NR32 4DG | M70: Weekday 10am–12pm or early afternoon (between clients) | N70: Open map
A71: 70 | B71: The Beauty Studio | C71: Beauty Salon | D71: 07875 640829 | E71: None | H71: 5 | I71: 1 | J71: Stowmarket | K71: IP14 1UH | L71: 15 Brooke Wy., Stowmarket IP14 1UH | M71: Weekday 10am–12pm or early afternoon (between clients) | N71: Open map
A72: 71 | B72: Willow & Wren Beauty | C72: Beauty Salon | D72: 07444 051746 | E72: None | H72: 5 | I72: 1 | J72: Stowmarket | K72: IP14 1AB | L72: 5, old fox yard, Stowmarket IP14 1AB | M72: Weekday 10am–12pm or early afternoon (between clients) | N72: Open map
... A77: 76 | B77: Mia Nail Salon | C77: Nail Salon | D77: 01440 268497 | E77: None | H77: 4.2 | I77: 75 | J77: Haverhill | K77: CB9 8HB | L77: 2, 2a Camps Rd, Haverhill CB9 8HB | M77: Weekday 10am–12pm or early afternoon (between clients) | N77: Open map
A78: 77 | B78: Mill House Beauty | C78: Spa | D78: 07595 476939 | E78: Social / booking page only | F78: https://www.facebook.com/millhousebeautybylouise/ | H78: 5 | I78: 48 | J78: Brandon | K78: IP27 9DU | L78: Mill Rd, Lakenheath, Brandon IP27 9DU | M78: Weekday 10am–12pm or early afternoon (between clients) | N78: Open map
A79: 78 | B79: Pretty like you | C79: Beauty Salon | D79: 01473 805978 | E79: None | H79: 4.6 | I79: 47 | J79: Ipswich | K79: IP1 2LT | L79: 67 Bramford Rd, Ipswich IP1 2LT | M79: Weekday 10am–12pm or early afternoon (between clients) | N79: Open map
A80: 79 | B80: Matilda-Rose Nails & Beauty | C80: Beauty Salon | D80: 07483 270340 | E80: None | H80: 4.3 | I80: 20 | J80: Haverhill | K80: CB9 9BH | L80: 24 Withersfield Rd, Haverhill CB9 9BH | M80: Weekday 10am–12pm or early afternoon (between clients) | N80: Open map
A81: 80 | B81: Elegant Nails | C81: Nail Salon | D81: 01473 517461 | E81: None | H81: 3.7 | I81: 103 | J81: Ipswich | K81: IP1 1DL | L81: 6 Dial Ln, Ipswich IP1 1DL | M81: Weekday 10am–12pm or early afternoon (between clients) | N81: Open map
A82: 81 | B82: Pretty Nails & Spa | C82: Nail Salon | D82: 01473 948665 | E82: None | H82: 4.6 | I82: 39 | J82: Ipswich | K82: IP7 5EA | L82: 81 High St, Hadleigh, Ipswich IP7 5EA | M82: Weekday 10am–12pm or early afternoon (between clients) | N82: Open map
A83: 82 | B83: Sun Lounge | C83: Tanning salon | D83: 01638 716373 | E83: None | H83: 4.9 | I83: 37 | J83: Bury Saint Edmunds | K83: IP28 7ES | L83: 4 King St, Mildenhall, Bury Saint Edmunds IP28 7ES | M83: Weekday 10am–12pm or early afternoon (between clients) | N83: Open map
A84: 83 | B84: Orchid Nails | C84: Nail Salon | D84: 01502 715927 | E84: None | H84: 4.7 | I84: 36 | J84: Beccles | K84: NR34 9AJ | L84: 6 The Walk, Beccles NR34 9AJ | M84: Weekday 10am–12pm or early afternoon (between clients) | N84: Open map
A85: 84 | B85: The Beauty Loft | C85: Beauty Salon | D85: 01502 473926 | E85: None | H85: 4.9 | I85: 36 | J85: Beccles | K85: NR34 9HE | L85: 25A New Market, Beccles NR34 9HE | M85: Weekday 10am–12pm or early afternoon (between clients) | N85: Open map
A86: 85 | B86: Prestige nails and beauty cabin | C86: Nail Salon | D86: 07597 796415 | E86: None | H86: 4.3 | I86: 6 | J86: Bury Saint Edmunds | K86: IP32 7PT | L86: 25 Juniper Rd, Bury St Edmunds, Bury Saint Edmunds IP32 7PT | M86: Weekday 10am–12pm or early afternoon (between clients) | N86: Open map
A87: 86 | B87: Vince & Co | C87: Beauty Salon | D87: 07850 252222 | E87: Social / booking page only | F87: https://www.facebook.com/profile.php?id=100086134249628 | H87: 4.8 | I87: 30 | J87: Ipswich | K87: IP5 1JF | L87: Kesgrave Sports Centre, Kesgrave, Ipswich IP5 1JF | M87: Weekday 10am–12pm or early afternoon (between clients) | N87: Open map
A88: 87 | B88: Silver Birch Beauty | C88: Beauty Salon | D88: 07432 720468 | E88: Social / booking page only | F88: https://www.instagram.com/silverbirchbeauty_ | H88: 5 | I88: 28 | J88: Beccles | K88: NR34 9TF | L88: Blyburgate, Beccles NR34 9TF | M88: Weekday 10am–12pm or early afternoon (between clients) | N88: Open map
A89: 88 | B89: Cutiecalls | C89: Nail Salon | D89: 07437 753018 | E89: None | H89: 4 | I89: 1 | J89: Saxmundham | K89: IP17 1AG | L89: Market Pl, Saxmundham IP17 1AG | M89: Weekday 10am–12pm or early afternoon (between clients) | N89: Open map
A90: 89 | B90: Melton Park Beauty Rooms | C90: Beauty Salon | D90: 01394 548734 | E90: None | H90: 5 | I90: 27 | J90: Woodbridge | K90: IP12 1SZ | L90: 7 Clements Rd, Melton, Woodbridge IP12 1SZ | M90: Weekday 10am–12pm or early afternoon (between clients) | N90: Open map
A91: 90 | B91: Isabella beauty salon | C91: Beauty Salon | D91: 07551 884693 | E91: Social / booking page only | F91: https://www.facebook.com/profile.php?id=100083041643336 | H91: 4.8 | I91: 26 | J91: Ipswich | K91: IP4 1JS | L91: Newby House, 2A Fore St, Ipswich IP4 1JS | M91: Weekday 10am–12pm or early afternoon (between clients) | N91: Open map
A92: 91 | B92: No10 Beauty & Aesthetics | C92: Beauty Salon | D92: 01728 561848 | E92: None | H92: 5 | I92: 25 | J92: Woodbridge | K92: IP13 9AN | L92: 10 Market Hill, Framlingham, Woodbridge IP13 9AN | M92: Weekday 10am–12pm or early afternoon (between clients) | N92: Open map
A93: 92 | B93: Absolute | C93: Beauty Salon | D93: 01502 714454 | E93: None | H93: 4.8 | I93: 23 | J93: Beccles | K93: NR34 9TT | L93: 1A Hungate, Beccles NR34 9TT | M93: Weekday 10am–12pm or early afternoon (between clients) | N93: Open map
A94: 93 | B94: Kelly Reis Massage & Beauty Therapist | C94: Massage Services | D94: 07538 410552 | E94: Social / booking page only | F94: https://www.instagram.com/kelly.reis.studio | H94: 5 | I94: 23 | J94: Haverhill | K94: CB9 9HW | L94: 97 Cambridge Way, Haverhill CB9 9HW | M94: Weekday 10am–12pm or early afternoon (between clients) | N94: Open map
A95: 94 | B95: Bella's Hair & Beauty | C95: Beauty Salon | D95: 01728 635559 | E95: None | H95: 4.8 | I95: 23 | J95: Leiston | K95: IP16 4BZ | L95: 100 High St, Leiston IP16 4BZ | M95: Weekday 10am–12pm or early afternoon (between clients) | N95: Open map
A96: 95 | B96: LGR Nails & Beauty | C96: Nail Salon | D96: 07837 305414 | E96: Social / booking page only | F96: https://linktr.ee/lgr_nailsandbeauty | H96: 5 | I96: 23 | J96: Lowestoft | K96: NR32 4WQ | L96: 57 Fallowfields, Lowestoft NR32 4WQ | M96: Weekday 10am–12pm or early afternoon (between clients) | N96: Open map
A97: 96 | B97: Idolise Hair & Beauty In Bury St Edmunds | C97: Beauty Salon | D97: 01284 488118 | E97: None | H97: 5 | I97: 22 | J97: Bury Saint Edmunds | K97: IP33 1NE | L97: 20 Hatter St, Bury St Edmunds, Bury Saint Edmunds IP33 1NE | M97: Weekday 10am–12pm or early afternoon (between clients) | N97: Open map
A98: 97 | B98: Skin & Tonic | C98: Beauty Salon | D98: 01449 676100 | E98: None | H98: 5 | I98: 22 | J98: Stowmarket | K98: IP14 1EF | L98: 9 Station Rd W, Stowmarket IP14 1EF | M98: Weekday 10am–12pm or early afternoon (between clients) | N98: Open map
A99: 98 | B99: A Touch Of Beauty | C99: Beauty Salon | D99: 07979 470542 | E99: Social / booking page only | F99: https://www.facebook.com/Hadleigh8GeorgeStreet/ | H99: 4.9 | I99: 21 | J99: Ipswich | K99: IP7 5BB | L99: 8 George St, Hadleigh, Ipswich IP7 5BB | M99: Weekday 10am–12pm or early afternoon (between clients) | N99: Open map
A100: 99 | B100: T T Nails | C100: Nail Salon | D100: 01638 666615 | E100: None | H100: 3.9 | I100: 79 | J100: Newmarket | K100: CB8 8JH | L100: 113 High St, Newmarket CB8 8JH | M100: Weekday 10am–12pm or early afternoon (between clients) | N100: Open map
A101: 100 | B101: Additions | C101: Beauty Salon | D101: 01728 832741 | E101: None | H101: 5 | I101: 20 | J101: Leiston | K101: IP16 4GZ | L101: 25 High St, Leiston IP16 4GZ | M101: Weekday 10am–12pm or early afternoon (between clients) | N101: Open map
A102: 101 | B102: Glow Haven Skin | C102: Beauty Salon | D102: 07480 858318 | E102: Social / booking page only | F102: https://www.facebook.com/share/16KQjFUjs8/?mibextid=wwXIfr | H102: 4.8 | I102: 19 | J102: Bury Saint Edmunds | K102: IP28 7AN | L102: 5 Holborn Ave, Mildenhall, Bury Saint Edmunds IP28 7AN | M102: Weekday 10am–12pm or early afternoon (between clients) | N102: Open map
A103: 102 | B103: Scratchers Nails & Beauty | C103: Nail Salon | D103: 01638 668851 | E103: None | H103: 4.7 | I103: 19 | J103: Newmarket | K103: CB8 8EW | L103: First Floor, Kingston Villa, Sun Ln, Newmarket CB8 8EW | M103: Weekday 10am–12pm or early afternoon (between clients) | N103: Open map
A104: 103 | B104: Pearl&Petal Stowmarket Nail Lounge | C104: Nail Salon | D104: 01449 604215 | E104: None | H104: 5 | I104: 18 | J104: Stowmarket | K104: IP14 1AD | L104: 50 Ipswich St, Stowmarket IP14 1AD | M104: Weekday 10am–12pm or early afternoon (between clients) | N104: Open map
...

Sheet Builders & roofers
A1: Rank | B1: Business name | C1: Category | D1: Phone | E1: Website status | F1: Website | G1: Check first | H1: Rating | I1: Reviews | J1: Town | K1: Postcode | L1: Address | M1: Best time to call | N1: Google Maps | O1: Checked no website? (Y/N) | P1: Called (date) | Q1: Outcome | R1: Notes
A2: 1 | B2: Framlingham DIY & Building Supplies Ltd | C2: Homewares Shop | D2: 01728 723505 | E2: None | H2: 4.8 | I2: 132 | J2: Woodbridge | K2: IP13 9EA | L2: 25 Station Rd, Framlingham, Woodbridge IP13 9EA | M2: 7:30–8:30am or 5–6pm (before/after jobs) | N2: Open map
A3: 2 | B3: Belstead Roofing and maintenance services | C3: Roofing Service | D3: 07783 963033 | E3: None | H3: 4.8 | I3: 52 | J3: Ipswich | K3: IP8 3TD | L3: Holly Blue Cl, Pinewood, Ipswich IP8 3TD | M3: 7:30–8:30am or 5–6pm (before/after jobs) | N3: Open map
A4: 3 | B4: TommyBuild LTD | C4: General Contractor | D4: 07773 550843 | E4: None | H4: 5 | I4: 22 | J4: Newmarket | K4: CB8 7FX | L4: Saxon Hall Rd, Kentford, Newmarket CB8 7FX | M4: 7:30–8:30am or 5–6pm (before/after jobs) | N4: Open map
A5: 4 | B5: ELC Roofing Ltd Sudbury Suffolk | C5: Roofing Service | D5: 07956 677678 | E5: None | H5: 4.5 | I5: 16 | J5: Sudbury | K5: CO10 1WH | L5: Unit 7 Woodhall Business Park, Sudbury CO10 1WH | M5: 7:30–8:30am or 5–6pm (before/after jobs) | N5: Open map
A6: 5 | B6: A F ROBERTSON LTD - Building Contractors | C6: General Contractor | D6: 07751 223879 | E6: None | H6: 4.9 | I6: 15 | J6: Ipswich | K6: IP2 0SS | L6: London Rd, Ipswich IP2 0SS | M6: 7:30–8:30am or 5–6pm (before/after jobs) | N6: Open map
A7: 6 | B7: SJG Roofing | C7: Roofing Service | D7: 07702 873839 | E7: None | H7: 5 | I7: 14 | J7: Bury Saint Edmunds | K7: IP33 3ZB | L7: 16 Myrtle Cl, Bury St Edmunds, Bury Saint Edmunds IP33 3ZB | M7: 7:30–8:30am or 5–6pm (before/after jobs) | N7: Open map
A8: 7 | B8: TJB Carpentry & Building | C8: Manufacturer | D8: 07814 546051 | E8: None | H8: 5 | I8: 14 | J8: Sudbury | K8: CO10 2TP | L8: 15 East St, Sudbury CO10 2TP | M8: 7:30–8:30am or 5–6pm (before/after jobs) | N8: Open map
A9: 8 | B9: D Home Improvements and Roofing Services | C9: Roofing Service | D9: 07706 627575 | E9: None | H9: 4.8 | I9: 12 | J9: Haverhill | K9: CB9 0AY | L9: 10 Mildenhall Pl, Haverhill CB9 0AY | M9: 7:30–8:30am or 5–6pm (before/after jobs) | N9: Open map
A10: 9 | B10: Tgl-construction | C10: General Contractor | D10: 07376 190073 | E10: None | H10: 5 | I10: 7 | J10: Leiston | K10: IP16 4UY | L10: 23 Daisy Dr, Leiston IP16 4UY | M10: 7:30–8:30am or 5–6pm (before/after jobs) | N10: Open map
A11: 10 | B11: GDL BUILDERS | C11: Roofing Service | D11: 07979 937695 | E11: None | H11: 5 | I11: 6 | J11: Beccles | K11: NR34 7PN | L11: the apples, The St, North Cove, Beccles NR34 7PN | M11: 7:30–8:30am or 5–6pm (before/after jobs) | N11: Open map
A12: 11 | B12: BLD Construction Suffolk LTD | C12: General Contractor | D12: 07523 448761 | E12: None | H12: 5 | I12: 6 | J12: Ipswich | K12: IP2 9QX | L12: 14 Bramhall Cl, Ipswich IP2 9QX | M12: 7:30–8:30am or 5–6pm (before/after jobs) | N12: Open map
A13: 12 | B13: Home PROjects Suffolk | C13: Services | D13: 07308 233890 | E13: None | H13: 5 | I13: 6 | J13: Ipswich | K13: IP7 5AR | L13: 83 Benton St, Hadleigh, Ipswich IP7 5AR | M13: 7:30–8:30am or 5–6pm (before/after jobs) | N13: Open map
... A40: 39 | B40: Spartan Roofing | C40: Roofing Service | D40: 07599 521134 | E40: None | H40: 4.3 | I40: 6 | J40: Lowestoft | K40: NR32 2HA | L40: 66 Rotterdam Rd, Lowestoft NR32 2HA | M40: 7:30–8:30am or 5–6pm (before/after jobs) | N40: Open map
A41: 40 | B41: BHA Carpentry & Construction | C41: General Contractor | D41: 07765 651754 | E41: Social / booking page only | F41: https://www.facebook.com/BHACarpentry | H41: 5 | I41: 32 | J41: Ipswich | K41: IP5 1AS | L41: Quantock Cl, Rushmere St Andrew, Ipswich IP5 1AS | M41: 7:30–8:30am or 5–6pm (before/after jobs) | N41: Open map
A42: 41 | B42: ADT Roofing | C42: Roofing Service | D42: 01284 530067 | E42: None | H42: 5 | I42: 20 | J42: Bury | K42: IP28 8FP | L42: 43 Thistle Way, Red Lodge, Bury IP28 8FP | M42: 7:30–8:30am or 5–6pm (before/after jobs) | N42: Open map
A43: 42 | B43: Henry Abbott Hardware | C43: Hardware Shop | D43: 01728 860254 | E43: None | H43: 4.9 | I43: 20 | J43: Stowmarket | K43: IP14 6RN | L43: 1 Chancery Ln, Debenham, Stowmarket IP14 6RN | M43: 7:30–8:30am or 5–6pm (before/after jobs) | N43: Open map
A44: 43 | B44: Mildenhall Building Supplies | C44: Building materials supplier | D44: 01638 354616 | E44: None | H44: 4.9 | I44: 19 | J44: Bury Saint Edmunds | K44: IP28 7AS | L44: 25b Hampstead Ave, Mildenhall, Bury Saint Edmunds IP28 7AS | M44: 7:30–8:30am or 5–6pm (before/after jobs) | N44: Open map
A45: 44 | B45: Storford Scaffolding | D45: 07739 558630 | E45: Social / booking page only | F45: https://www.facebook.com/share/1EaqzAmNsG/?mibextid=wwXIfr | H45: 5 | I45: 14 | J45: Sudbury | K45: CO10 9SA | L45: Church St, Lavenham, Sudbury CO10 9SA | M45: 7:30–8:30am or 5–6pm (before/after jobs) | N45: Open map
A46: 45 | B46: C & C Roofing | C46: Roofing Service | D46: 01394 274119 | E46: None | H46: 4.6 | I46: 10 | J46: Felixstowe | K46: IP11 9RA | L46: 3, Hill House Cottages, Gulpher Rd, Felixstowe IP11 9RA | M46: 7:30–8:30am or 5–6pm (before/after jobs) | N46: Open map
A47: 46 | B47: McBrien Carpentry Ltd | C47: General Contractor | D47: 07887 603308 | E47: Social / booking page only | F47: https://m.facebook.com/McBrienCarpentry/ | H47: 5 | I47: 8 | J47: Haverhill | K47: CB9 9JB | L47: 41 Beech Grove, Haverhill CB9 9JB | M47: 7:30–8:30am or 5–6pm (before/after jobs) | N47: Open map
A48: 47 | B48: Brooks Joinery | C48: Services | D48: 01728 833722 | E48: None | H48: 5 | I48: 8 | J48: Leiston | K48: IP16 4JD | L48: Unit A3, Masterlord Ind. Park, Station Rd, Leiston IP16 4JD | M48: 7:30–8:30am or 5–6pm (before/after jobs) | N48: Open map
A49: 48 | B49: A & O Bow Builders | C49: General Contractor | D49: 07376 357574 | E49: Social / booking page only | F49: https://www.facebook.com/AandOBow | H49: 5 | I49: 5 | J49: Diss | K49: IP22 1HN | L49: Pottery Hill, Wattisfield, Diss IP22 1HN | M49: 7:30–8:30am or 5–6pm (before/after jobs) | N49: Open map
A50: 49 | B50: A D Burnett Roofing & Scaffolding | C50: Services | D50: 01440 706888 | E50: None | H50: 5 | I50: 4 | J50: Haverhill | K50: CB9 7SU | L50: 8 Henderson Cl, Haverhill CB9 7SU | M50: 7:30–8:30am or 5–6pm (before/after jobs) | N50: Open map
A51: 50 | B51: Downton Homes Haverhill Limited | C51: Services | D51: 01440 768668 | E51: None | H51: 5 | I51: 4 | J51: Haverhill | K51: CB9 9HG | L51: 103 Withersfield Rd, Haverhill CB9 9HG | M51: 7:30–8:30am or 5–6pm (before/after jobs) | N51: Open map
A52: 51 | B52: P. Blunden Builders | C52: Services | D52: 01502 512851 | E52: None | H52: 5 | I52: 4 | J52: Lowestoft | K52: NR32 2HD | L52: Lothing House, 7 Quay View Business Park, Barnards Way, Lowestoft NR32 2HD | M52: 7:30–8:30am or 5–6pm (before/after jobs) | N52: Open map
A53: 52 | B53: Valley Roofing IP | C53: Roofing Service | D53: 01473 567073 | E53: None | H53: 5 | I53: 3 | J53: Felixstowe | K53: IP11 7BU | L53: 40 Cowley Rd, Felixstowe IP11 7BU | M53: 7:30–8:30am or 5–6pm (before/after jobs) | N53: Open map
A54: 53 | B54: R J Kearney | C54: General Contractor | D54: 01449 722779 | E54: None | H54: 5 | I54: 3 | J54: Ipswich | K54: IP6 8DY | L54: Gipsy Ln, Needham Market, Ipswich IP6 8DY | M54: 7:30–8:30am or 5–6pm (before/after jobs) | N54: Open map
A55: 54 | B55: Suffolk Felt Roofing & Son | C55: Roofing Service | D55: 01473 726008 | E55: None | H55: 5 | I55: 3 | J55: Ipswich | K55: IP3 8SX | L55: 538 Felixstowe Rd, Ipswich IP3 8SX | M55: 7:30–8:30am or 5–6pm (before/after jobs) | N55: Open map
A56: 55 | B56: Woods outdoor creations | C56: General Contractor | D56: 07508 011513 | E56: Social / booking page only | F56: https://www.facebook.com/woods.ic | H56: 5 | I56: 3 | J56: Sudbury | K56: CO10 8NU | L56: 40 Westfield, Clare, Sudbury CO10 8NU | M56: 7:30–8:30am or 5–6pm (before/after jobs) | N56: Open map
A57: 56 | B57: M J Doubleday | C57: General Contractor | D57: 01986 896647 | E57: None | H57: 5 | I57: 2 | J57: Bungay | K57: NR35 1RL | L57: 28 Queen's Rd, Bungay NR35 1RL | M57: 7:30–8:30am or 5–6pm (before/after jobs) | N57: Open map
A58: 57 | B58: Goldcrest Construction | C58: General Contractor | D58: 01394 276696 | E58: None | H58: 4.5 | I58: 2 | J58: Felixstowe | K58: IP11 7TB | L58: 2A Valley Walk, Felixstowe IP11 7TB | M58: 7:30–8:30am or 5–6pm (before/after jobs) | N58: Open map
A59: 58 | B59: C.W.Ellis (Halesworth) Ltd | C59: Manufacturer | D59: 01986 875395 | E59: None | H59: 5 | I59: 2 | J59: Halesworth | K59: IP19 8NH | L59: Unit 2 Old Airfield, Halesworth IP19 8NH | M59: 7:30–8:30am or 5–6pm (before/after jobs) | N59: Open map
A60: 59 | B60: G Potter Builders | C60: General Contractor | D60: 07788 530510 | E60: None | H60: 2 | I60: 2 | J60: Ipswich | K60: IP5 2NX | L60: 187 Main Rd, Kesgrave, Ipswich IP5 2NX | M60: 7:30–8:30am or 5–6pm (before/after jobs) | N60: Open map
A61: 60 | B61: Ipswich Builders | C61: Services | D61: 01473 561151 | E61: None | H61: 5 | I61: 2 | J61: Ipswich | K61: IP1 2LW | L61: 131 Bramford Rd, Ipswich IP1 2LW | M61: 7:30–8:30am or 5–6pm (before/after jobs) | N61: Open map
A62: 61 | B62: ASG Decorators Lowestoft | C62: Services | D62: 01502 742159 | E62: None | H62: 5 | I62: 2 | J62: Lowestoft | K62: NR33 7RW | L62: High Tide, 9 Beach Rd, Kessingland, Lowestoft NR33 7RW | M62: 7:30–8:30am or 5–6pm (before/after jobs) | N62: Open map
A63: 62 | B63: Total Build East Anglia Ltd | C63: General Contractor | D63: 01502 733000 | E63: None | H63: 5 | I63: 2 | J63: Lowestoft | K63: NR32 5BA | L63: Haversham House, Dickens Ct, Blundeston, Lowestoft NR32 5BA | M63: 7:30–8:30am or 5–6pm (before/after jobs) | N63: Open map
A64: 63 | B64: K A S Builders Ltd | C64: General Contractor | D64: 07778 264095 | E64: None | H64: 2 | I64: 1 | J64: Beccles | K64: NR34 7DU | L64: 15 Ashdale Dr, Worlingham, Beccles NR34 7DU | M64: 7:30–8:30am or 5–6pm (before/after jobs) | N64: Open map
A65: 64 | B65: L.G.ROOFING | C65: Roofing Service | D65: 01502 717067 | E65: None | H65: 5 | I65: 1 | J65: Beccles | K65: NR34 9DB | L65: 16 Old Mill Terrace, Beccles NR34 9DB | M65: 7:30–8:30am or 5–6pm (before/after jobs) | N65: Open map
A66: 65 | B66: Porter | C66: General Contractor | D66: 01502 715951 | E66: None | H66: 5 | I66: 1 | J66: Beccles | K66: NR34 9JA | L66: 10 St Anne's Rd, Beccles NR34 9JA | M66: 7:30–8:30am or 5–6pm (before/after jobs) | N66: Open map
A67: 66 | B67: John Murrell General Builder | C67: General Contractor | D67: 01284 752745 | E67: None | H67: 5 | I67: 1 | J67: Bury Saint Edmunds | K67: IP33 2BS | L67: 69 Sicklesmere Rd, Bury St Edmunds, Bury Saint Edmunds IP33 2BS | M67: 7:30–8:30am or 5–6pm (before/after jobs) | N67: Open map
A68: 67 | B68: Mills Builders | C68: General Contractor | D68: 01379 870251 | E68: None | H68: 5 | I68: 1 | J68: Eye | K68: IP23 7BY | L68: 43 Oak Cres, Eye IP23 7BY | M68: 7:30–8:30am or 5–6pm (before/after jobs) | N68: Open map
... A74: 73 | B74: Culley's Builders | C74: General Contractor | D74: 01502 519034 | E74: None | H74: 5 | I74: 1 | J74: Lowestoft | K74: NR33 9ED | L74: 6 Oakwood Rd, Lowestoft NR33 9ED | M74: 7:30–8:30am or 5–6pm (before/after jobs) | N74: Open map
A75: 74 | B75: TopSpec Roofing Ltd | C75: Roofing Service | D75: 07919 454028 | E75: Social / booking page only | F75: https://www.facebook.com/TopSpecRoofing31 | H75: 5 | I75: 1 | J75: Lowestoft | K75: NR32 3QY | L75: 8 Pritchard Cl, Oulton Broad, Lowestoft NR32 3QY | M75: 7:30–8:30am or 5–6pm (before/after jobs) | N75: Open map
A76: 75 | B76: Warnes & Sons Ltd | C76: General Contractor | D76: 01502 572881 | E76: None | H76: 5 | I76: 1 | J76: Lowestoft | K76: NR32 4QR | L76: 94 Oulton Rd, Lowestoft NR32 4QR | M76: 7:30–8:30am or 5–6pm (before/after jobs) | N76: Open map
A77: 76 | B77: Buildmark Construction | C77: General Contractor | D77: 01638 666030 | E77: None | H77: 5 | I77: 1 | J77: Newmarket | K77: CB8 8DN | L77: Rutland Chambers, High St, Newmarket CB8 8DN | M77: 7:30–8:30am or 5–6pm (before/after jobs) | N77: Open map
A78: 77 | B78: Nicholls C J & Son | C78: General Contractor | D78: 01638 662293 | E78: None | H78: 5 | I78: 1 | J78: Newmarket | K78: CB8 8EN | L78: Kingston Passage, Newmarket CB8 8EN | M78: 7:30–8:30am or 5–6pm (before/after jobs) | N78: Open map
A79: 78 | B79: M J Services | C79: General Contractor | D79: 01728 860032 | E79: None | H79: 5 | I79: 1 | J79: Stowmarket | K79: IP14 5QE | L79: 2A, Greenacres park, Debenham Corner, Wetheringsett, Stowmarket IP14 5QE | M79: 7:30–8:30am or 5–6pm (before/after jobs) | N79: Open map
A80: 79 | B80: Pryke Building Ltd | C80: General Contractor | D80: 01787 277175 | E80: None | H80: 5 | I80: 1 | J80: Sudbury | K80: CO10 8QD | L80: Stone Yard Bridewell Works, Bridewell St, Clare, Sudbury CO10 8QD | M80: 7:30–8:30am or 5–6pm (before/after jobs) | N80: Open map
A81: 80 | B81: S M Seaber Building Services Ltd | C81: General Contractor | D81: 07788 524867 | E81: None | H81: 1 | I81: 1 | J81: Woodbridge | K81: IP13 9JR | L81: 2, Swedish Houses, Dennington Rd, Framlingham, Woodbridge IP13 9JR | M81: 7:30–8:30am or 5–6pm (before/after jobs) | N81: Open map
A82: 81 | B82: T R Moseley Builders | C82: Services | D82: 01473 623688 | E82: None | H82: 5 | I82: 1 | J82: Woodbridge | K82: IP13 6LX | L82: 68 Martlesham Rd, Woodbridge IP13 6LX | M82: 7:30–8:30am or 5–6pm (before/after jobs) | N82: Open map
A83: 82 | B83: R&R Carpentry & Construction (Aldeburgh) Ltd | C83: Services | D83: 07977 940189 | E83: None | I83: 0 | J83: Aldeburgh | K83: IP15 5QH | L83: 18 Mariners Way, Aldeburgh IP15 5QH | M83: 7:30–8:30am or 5–6pm (before/after jobs) | N83: Open map
A84: 83 | B84: Hudson and Son Roofing Contractors LTD | C84: Roofing Service | D84: 07551 353032 | E84: None | I84: 0 | J84: Beccles | K84: NR34 7TH | L84: Sandpit Ln, Ellough, Beccles NR34 7TH | M84: 7:30–8:30am or 5–6pm (before/after jobs) | N84: Open map
A85: 84 | B85: MLT Developments Ltd | C85: General Contractor | D85: 07860 862465 | E85: None | I85: 0 | J85: Brandon | K85: IP27 0HA | L85: 61 Rattler's Rd, Brandon IP27 0HA | M85: 7:30–8:30am or 5–6pm (before/after jobs) | N85: Open map
A86: 85 | B86: Khomych building services | C86: General Contractor | D86: 07762 423094 | E86: None | I86: 0 | J86: Bury Saint Edmunds | K86: IP28 7ED | L86: 20 Church Walk, Mildenhall, Bury Saint Edmunds IP28 7ED | M86: 7:30–8:30am or 5–6pm (before/after jobs) | N86: Open map
A87: 86 | B87: Mainland flat roofing | C87: Roofing Service | D87: 07714 462262 | E87: None | I87: 0 | J87: Haverhill | K87: CB9 0AN | L87: 6 Feltwell Pl, Haverhill CB9 0AN | M87: 7:30–8:30am or 5–6pm (before/after jobs) | N87: Open map
A88: 87 | B88: UK Homes Building Services | C88: Services | D88: 07853 462792 | E88: None | I88: 0 | J88: Haverhill | K88: CB9 8AA | L88: 2-3 High St, Haverhill CB9 8AA | M88: 7:30–8:30am or 5–6pm (before/after jobs) | N88: Open map
A89: 88 | B89: Build Extend & Improve | C89: General Contractor | D89: 07979 517529 | E89: None | I89: 0 | J89: Ipswich | K89: IP5 2NZ | L89: 41 Windrush Rd, Kesgrave, Ipswich IP5 2NZ | M89: 7:30–8:30am or 5–6pm (before/after jobs) | N89: Open map
A90: 89 | B90: MJB Brickwork & Construction | C90: General Contractor | D90: 07340 571260 | E90: None | I90: 0 | J90: Ipswich | K90: IP5 1ET | L90: 9 Montana Rd, Kesgrave, Ipswich IP5 1ET | M90: 7:30–8:30am or 5–6pm (before/after jobs) | N90: Open map
A91: 90 | B91: Phoenix Building Services Limited | C91: Services | D91: 07809 761497 | E91: None | I91: 0 | J91: Ipswich | K91: IP6 8JJ | L91: 113 Foxglove Ave, Needham Market, Ipswich IP6 8JJ | M91: 7:30–8:30am or 5–6pm (before/after jobs) | N91: Open map
A92: 91 | B92: Leiston Multi Trade and home maintenance | C92: Services | D92: 07905 062091 | E92: None | I92: 0 | J92: Leiston | K92: IP16 4DD | L92: 15 Central Rd, Leiston IP16 4DD | M92: 7:30–8:30am or 5–6pm (before/after jobs) | N92: Open map
A93: 92 | B93: SoleBay Restorations | C93: Services | D93: 07837 491678 | E93: None | I93: 0 | J93: Southwold | K93: IP18 6SZ | L93: 4 Fountain Way, Reydon, Southwold IP18 6SZ | M93: 7:30–8:30am or 5–6pm (before/after jobs) | N93: Open map
A94: 93 | B94: High clean roof cleaning | C94: Roofing Service | D94: 07576 899927 | E94: None | I94: 0 | J94: Stowmarket | K94: IP14 4LN | L94: Bramble Cottage, Bacton, Stowmarket IP14 4LN | M94: 7:30–8:30am or 5–6pm (before/after jobs) | N94: Open map
... A98: 97 | B98: Timber Fram Builders Ltd | C98: Services | D98: 07530 308114 | E98: None | I98: 0 | J98: Woodbridge | K98: IP13 9HH | L98: 21 Danforth Dr, Framlingham, Woodbridge IP13 9HH | M98: 7:30–8:30am or 5–6pm (before/after jobs) | N98: Open map
A99: 98 | B99: Jamie Vincent Builder | C99: General Contractor | D99: 01986 895640 | E99: None | H99: 4 | I99: 4 | J99: Bungay | K99: NR35 1HT | L99: Meadowcroft, 69 Beccles Rd, Bungay NR35 1HT | M99: 7:30–8:30am or 5–6pm (before/after jobs) | N99: Open map
A100: 99 | B100: R D Sillett Roofing | C100: Roofing Service | D100: 01449 675811 | E100: None | H100: 4 | I100: 4 | J100: Ipswich | K100: IP6 8RT | L100: New Cottage, Badley, Ipswich IP6 8RT | M100: 7:30–8:30am or 5–6pm (before/after jobs) | N100: Open map
A101: 100 | B101: R J Calver | C101: General Contractor | D101: 01728 747561 | E101: None | H101: 4 | I101: 1 | J101: Woodbridge | K101: IP13 0SD | L101: 8 Chapel Ln, Wickham Market, Woodbridge IP13 0SD | M101: 7:30–8:30am or 5–6pm (before/after jobs) | N101: Open map
A102: 101 | B102: T K Roofing | C102: Roofing Service | D102: 01284 766548 | E102: None | H102: 3.8 | I102: 10 | J102: Bury Saint Edmunds | K102: IP33 2HX | L102: 26 Scarlin Rd, Bury St Edmunds, Bury Saint Edmunds IP33 2HX | M102: 7:30–8:30am or 5–6pm (before/after jobs) | N102: Open map
A103: 102 | B103: Needhams Contracts Ltd | C103: General Contractor | D103: 01473 220400 | E103: None | H103: 3.3 | I103: 7 | J103: Ipswich | K103: IP1 4JP | L103: Second Floor, 30 Wharfedale Rd, Ipswich IP1 4JP | M103: 7:30–8:30am or 5–6pm (before/after jobs) | N103: Open map
A104: 103 | B104: B Burgess Roofing | C104: Roofing Service | D104: 01502 219554 | E104: None | H104: 3.7 | I104: 6 | J104: Lowestoft | K104: NR32 4RU | L104: 6 Brampton Grove, Lowestoft NR32 4RU | M104: 7:30–8:30am or 5–6pm (before/after jobs) | N104: Open map
A105: 104 | B105: P J Smith Roofing Ltd ( Ipswich ) Suffolk | C105: Roofing Service | D105: 01473 728896 | E105: None | H105: 3.8 | I105: 4 | J105: Ipswich | K105: IP5 1DY | L105: Tilers Cottage, 1 Seven Cottages Ln, Rushmere St Andrew, Ipswich IP5 1DY | M105: 7:30–8:30am or 5–6pm (before/after jobs) | N105: Open map
A106: 105 | B106: Noble House Services (UK) Limited | C106: Roofing Service | D106: 01787 313366 | E106: None | H106: 3 | I106: 4 | J106: Sudbury | K106: CO10 0BB | L106: Acton Place Industrial Estate Unit 30, Acton, Sudbury CO10 0BB | M106: 7:30–8:30am or 5–6pm (before/after jobs) | N106: Open map
A107: 106 | B107: Carter Barry | C107: Roofing Service | D107: 01842 814648 | E107: None | H107: 3.7 | I107: 3 | J107: Brandon | K107: IP27 0UU | L107: 20 Spruce Dr, Brandon IP27 0UU | M107: 7:30–8:30am or 5–6pm (before/after jobs) | N107: Open map
A108: 107 | B108: Riverside Roofing and maintenance LTD | C108: Roofing Service | D108: 01502 714917 | E108: Social / booking page only | F108: https://www.facebook.com/Riverside.236 | H108: 5 | I108: 2 | J108: Beccles | K108: NR34 7SL | L108: 9 Janet Hadenham Cl, Worlingham, Beccles NR34 7SL | M108: 7:30–8:30am or 5–6pm (before/after jobs) | N108: Open map
A109: 108 | B109: Risemill Ltd | C109: General Contractor | D109: 01473 626777 | E109: None | H109: 2 | I109: 1 | J109: Ipswich | K109: IP5 3SW | L109: 60 Farriers Cl, Martlesham Heath, Martlesham, Ipswich IP5 3SW | M109: 7:30–8:30am or 5–6pm (before/after jobs) | N109: Open map
A110: 109 | B110: J Briggs Builders Ltd | C110: General Contractor | D110: 01502 740478 | E110: None | H110: 1 | I110: 1 | J110: Lowestoft | K110: NR33 7PN | L110: 5 London Rd, Kessingland, Lowestoft NR33 7PN | M110: 7:30–8:30am or 5–6pm (before/after jobs) | N110: Open map
A111: 110 | B111: Cook Construction | C111: General Contractor | D111: 01787 310893 | E111: None | H111: 1 | I111: 1 | J111: Sudbury | K111: CO10 | L111: Long Melford, Sudbury CO10 | M111: 7:30–8:30am or 5–6pm (before/after jobs) | N111: Open map
A112: 111 | B112: GW Smith (Alderton) Ltd | C112: Services | D112: 01394 411314 | E112: None | H112: 1 | I112: 1 | J112: Woodbridge | K112: IP12 3AJ | L112: 14 The St, Woodbridge IP12 3AJ | M112: 7:30–8:30am or 5–6pm (before/after jobs) | N112: Open map
A113: 112 | B113: Vaulted Roofs & Glulam Componants | C113: Roofing Service | D113: 01502 471827 | E113: None | I113: 0 | J113: Beccles | K113: NR34 7TJ | L113: Unit C, Excaliber Hall Estate, Anson Way, Beccles NR34 7TJ | M113: 7:30–8:30am or 5–6pm (before/after jobs) | N113: Open map
A114: 113 | B114: Laughton Construction | C114: Services | D114: 0845 170 7555 | E114: None | I114: 0 | J114: Brandon | K114: IP27 0AZ | L114: 51 High St, Brandon IP27 0AZ | M114: 7:30–8:30am or 5–6pm (before/after jobs) | N114: Open map
A115: 114 | B115: M Vincent Builders & Property Maintenance | C115: General Contractor | D115: 01842 811522 | E115: None | I115: 0 | J115: Brandon | K115: IP27 0TG | L115: Cowslip Cottage, Santon Downham, Brandon IP27 0TG | M115: 7:30–8:30am or 5–6pm (before/after jobs) | N115: Open map
A116: 115 | B116: K J Last General Builder | C116: General Contractor | D116: 01986 894400 | E116: None | I116: 0 | J116: Bungay | K116: NR35 1LG | L116: 23 Wherry Rd, Bungay NR35 1LG | M116: 7:30–8:30am or 5–6pm (before/after jobs) | N116: Open map
A117: 116 | B117: K M C Building & Construction | C117: General Contractor | D117: 01379 688533 | E117: None | I117: 0 | J117: Eye | K117: IP21 5AS | L117: 46 Low St, Hoxne, Eye IP21 5AS | M117: 7:30–8:30am or 5–6pm (before/after jobs) | N117: Open map
A118: 117 | B118: R J Ellis Builders | C118: General Contractor | D118: 01379 678718 | E118: None | I118: 0 | J118: Eye | K118: IP23 7EA | L118: Old Hall Farm, Thorndon, Bridge, Eye IP23 7EA | M118: 7:30–8:30am or 5–6pm (before/after jobs) | N118: Open map
A119: 118 | B119: A C Flint General Contractor | C119: General Contractor | D119: 01502 478300 | E119: None | I119: 0 | J119: Halesworth | K119: IP19 8RY | L119: Flint Cottage, 1 Benton Way, Halesworth IP19 8RY | M119: 7:30–8:30am or 5–6pm (before/after jobs) | N119: Open map
A120: 119 | B120: Anderson David | C120: Roofing Service | D120: 01440 762153 | E120: None | I120: 0 | J120: Haverhill | K120: CB9 9HT | L120: 35 Ash Grove, Haverhill CB9 9HT | M120: 7:30–8:30am or 5–6pm (before/after jobs) | N120: Open map
A121: 120 | B121: Haverhill Flat Roofing | C121: Roofing Service | D121: 01440 705385 | E121: None | I121: 0 | J121: Haverhill | K121: CB9 0LT | L121: 17 Shannon Cl, Haverhill CB9 0LT | M121: 7:30–8:30am or 5–6pm (before/after jobs) | N121: Open map
A122: 121 | B122: AGA Building Services | C122: General Contractor | D122: 01449 720809 | E122: None | I122: 0 | J122: Ipswich | K122: IP6 8RW | L122: Unit 2B Williamsport Way, Needham Market, Ipswich IP6 8RW | M122: 7:30–8:30am or 5–6pm (before/after jobs) | N122: Open map
A123: 122 | B123: Building Tradition Limited | C123: General Contractor | D123: 0845 603 6672 | E123: None | I123: 0 | J123: Ipswich | K123: IP7 6AY | L123: 70 Oxford Dr, Hadleigh, Ipswich IP7 6AY | M123: 7:30–8:30am or 5–6pm (before/after jobs) | N123: Open map
A124: 123 | B124: Cummings Roofing | C124: Roofing Service | D124: 01473 624069 | E124: None | I124: 0 | J124: Ipswich | K124: IP5 1BN | L124: Beech House, 257 Main Rd, Kesgrave, Ipswich IP5 1BN | M124: 7:30–8:30am or 5–6pm (before/after jobs) | N124: Open map
... A134: 133 | B134: Suffolk Construction | C134: General Contractor | D134: 01728 726646 | E134: None | I134: 0 | J134: Woodbridge | K134: IP13 9EZ | L134: Framlingham Technology Centre, Station Rd, Framlingham, Woodbridge IP13 9EZ | M134: 7:30–8:30am or 5–6pm (before/after jobs) | N134: Open map
A135: 134 | B135: Gipping Construction | C135: General Contractor | D135: 01728 746661 | E135: None | G135: Similar name has a site, check: https://www.gippingconstruction.co.uk/ | I135: 0 | J135: Woodbridge | K135: IP13 0SE | L135: Deben Court, Chapel Ln, Wickham Market, Woodbridge IP13 0SE | M135: 7:30–8:30am or 5–6pm (before/after jobs) | N135: Open map

Sheet Pet care
A1: Rank | B1: Business name | C1: Category | D1: Phone | E1: Website status | F1: Website | G1: Check first | H1: Rating | I1: Reviews | J1: Town | K1: Postcode | L1: Address | M1: Best time to call | N1: Google Maps | O1: Checked no website? (Y/N) | P1: Called (date) | Q1: Outcome | R1: Notes
A2: 1 | B2: Elliot Carpet | C2: Building materials supplier | D2: 07550 555559 | E2: None | H2: 5 | I2: 100 | J2: Ipswich | K2: IP1 3EU | L2: 14 St Matthew's St, Ipswich IP1 3EU | M2: Weekday 10am–12pm or early afternoon (between clients) | N2: Open map
A3: 2 | B3: Red’s Dog Grooming | C3: Pet Care | D3: 07891 103810 | E3: None | H3: 5 | I3: 84 | J3: Newmarket | K3: CB8 0AT | L3: 341 Exning Rd, Newmarket CB8 0AT | M3: Weekday 10am–12pm or early afternoon (between clients) | N3: Open map
A4: 3 | B4: Velvet Paws | C4: Pet Care | D4: 07468 850942 | E4: None | H4: 4.7 | I4: 59 | J4: Lowestoft | K4: NR33 0BT | L4: 1 Kirkley Cliff Rd, Lowestoft NR33 0BT | M4: Weekday 10am–12pm or early afternoon (between clients) | N4: Open map
A5: 4 | B5: Spoilt Pooch Spa & Groom | C5: Pet Care | D5: 07940 826857 | E5: None | H5: 5 | I5: 54 | J5: Ipswich | K5: IP2 0LD | L5: 108 Lavenham Rd, Ipswich IP2 0LD | M5: Weekday 10am–12pm or early afternoon (between clients) | N5: Open map
A6: 5 | B6: Shampooches | C6: Pet Care | D6: 07904 884897 | E6: None | H6: 4.6 | I6: 46 | J6: Brandon | K6: IP27 0HS | L6: 8 London Rd, Brandon IP27 0HS | M6: Weekday 10am–12pm or early afternoon (between clients) | N6: Open map
A7: 6 | B7: Fur fabulous grooming | C7: Pet Care | D7: 07732 041644 | E7: Social / booking page only | F7: https://m.facebook.com/furfabgrooming/ | H7: 4.7 | I7: 98 | J7: Bury Saint Edmunds | K7: IP33 2RH | L7: 6 Hardwick Shopping Center, Bury St Edmunds, Bury Saint Edmunds IP33 2RH | M7: Weekday 10am–12pm or early afternoon (between clients) | N7: Open map
A8: 7 | B8: Snowstorms Grooming Parlour | C8: Pet Care | D8: 07921 791267 | E8: None | H8: 4.9 | I8: 39 | J8: Lowestoft | K8: NR32 3LZ | L8: 34 Harbour Rd, Oulton Broad, Lowestoft NR32 3LZ | M8: Weekday 10am–12pm or early afternoon (between clients) | N8: Open map
A9: 8 | B9: Allbreeds dog grooming | C9: Pet Care | D9: 07821 848143 | E9: None | H9: 4.9 | I9: 39 | J9: Sudbury | K9: CO10 0BB | L9: Acton, Sudbury CO10 0BB | M9: Weekday 10am–12pm or early afternoon (between clients) | N9: Open map
A10: 9 | B10: Mother Fluffer Pet Grooming | C10: Pet Care | D10: 07539 541939 | E10: None | H10: 4.9 | I10: 37 | J10: Ipswich | K10: IP3 0RE | L10: 48 Clapgate Ln, Ipswich IP3 0RE | M10: Weekday 10am–12pm or early afternoon (between clients) | N10: Open map
A11: 10 | B11: The Groom Lounge By Chanel | C11: Pet Care | D11: 07935 482223 | E11: None | H11: 5 | I11: 37 | J11: Ipswich | K11: IP4 4QE | L11: 76 Cauldwell Hall Rd, Ipswich IP4 4QE | M11: Weekday 10am–12pm or early afternoon (between clients) | N11: Open map
A12: 11 | B12: THE GROOM LOUNGE By Sophie | C12: Pet Care | D12: 07935 482120 | E12: None | H12: 5 | I12: 37 | J12: Ipswich | K12: IP4 4QE | L12: 76 Cauldwell Hall Rd, Ipswich IP4 4QE | M12: Weekday 10am–12pm or early afternoon (between clients) | N12: Open map
A13: 12 | B13: Elegant Pets | C13: Pet Care | D13: 07703 745162 | E13: None | H13: 5 | I13: 29 | J13: Haverhill | K13: CB9 7NR | L13: Haverhill Rd, Kedington, Haverhill CB9 7NR | M13: Weekday 10am–12pm or early afternoon (between clients) | N13: Open map
A14: 13 | B14: Buddy's Dog Grooming | C14: Pet Care | D14: 07557 235688 | E14: None | H14: 5 | I14: 23 | J14: Newmarket | K14: CB8 7LX | L14: 31 The St, Snailwell, Red Lodge, Newmarket CB8 7LX | M14: Weekday 10am–12pm or early afternoon (between clients) | N14: Open map
A15: 14 | B15: The Pampered Pooch Hut | C15: Pet Care | D15: 07921 269124 | E15: None | H15: 5 | I15: 22 | J15: Ipswich | K15: IP6 9TH | L15: Crowfield Rd, Stonham Aspal, Ipswich IP6 9TH | M15: Weekday 10am–12pm or early afternoon (between clients) | N15: Open map
A16: 15 | B16: Bark in style by Gemma | C16: Pet Care | D16: 07594 252004 | E16: None | H16: 4.8 | I16: 22 | J16: Lowestoft | K16: NR33 7JG | L16: 18 Blackheath Rd, Lowestoft NR33 7JG | M16: Weekday 10am–12pm or early afternoon (between clients) | N16: Open map
A17: 16 | B17: Hetties Hounds | C17: Pet Care | D17: 07849 744778 | E17: None | H17: 5 | I17: 22 | J17: Stowmarket | K17: IP14 5TL | L17: 38 Glebe Way, Mendlesham, Stowmarket IP14 5TL | M17: Weekday 10am–12pm or early afternoon (between clients) | N17: Open map
A18: 17 | B18: Scruff2fluff by Willow | C18: Pet Care | D18: 07759 140712 | E18: None | H18: 5 | I18: 19 | J18: Eye | K18: IP23 7AW | L18: 17A Castle St, Eye IP23 7AW | M18: Weekday 10am–12pm or early afternoon (between clients) | N18: Open map
A19: 18 | B19: Oolala Dog Boutique & Spa | C19: Pet Care | D19: 07725 840262 | E19: None | H19: 5 | I19: 19 | J19: Ipswich | K19: IP8 4LX | L19: 23 The Beeches, Little Blakenham, Ipswich IP8 4LX | M19: Weekday 10am–12pm or early afternoon (between clients) | N19: Open map
... A67: 66 | B67: Stour Valley Carpets | C67: Building materials supplier | D67: 01787 378340 | E67: None | H67: 4.7 | I67: 37 | J67: Sudbury | K67: CO10 1LZ | L67: Girling St, Sudbury CO10 1LZ | M67: Weekday 10am–12pm or early afternoon (between clients) | N67: Open map
A68: 67 | B68: The Grooming Co. | C68: Pet Care | D68: 07740 983483 | E68: Social / booking page only | F68: https://www.facebook.com/TheBathHouseKesgrave/ | H68: 4.9 | I68: 36 | J68: Ipswich | K68: IP5 2HU | L68: 15, Grange View, Mead Dr, Kesgrave, Ipswich IP5 2HU | M68: Weekday 10am–12pm or early afternoon (between clients) | N68: Open map
A69: 68 | B69: Beccles K9dezyne | C69: Pet Care | D69: 01502 714798 | E69: None | H69: 4.6 | I69: 33 | J69: Beccles | K69: NR34 9HX | L69: 2 Cox's Cl, Beccles NR34 9HX | M69: Weekday 10am–12pm or early afternoon (between clients) | N69: Open map
A70: 69 | B70: Hearts for Barks | C70: Pet Care | D70: 07584 906781 | E70: None | H70: 4.4 | I70: 7 | J70: Sudbury | K70: CO10 0HF | L70: 5 Sparrow Rd, Great Cornard, Sudbury CO10 0HF | M70: Weekday 10am–12pm or early afternoon (between clients) | N70: Open map
A71: 70 | B71: West Clare Carpets & Flooring | C71: Building materials supplier | D71: 087 167 4746 | E71: None | H71: 4.9 | I71: 29 | J71: Kilrush | K71: V15 KV76 | L71: 7 Place de Plouzane, Kilrush, Co. Clare, V15 KV76, Ireland | M71: Weekday 10am–12pm or early afternoon (between clients) | N71: Open map
A72: 71 | B72: Mann's Best Friend | C72: Pet Care | D72: 07985 260762 | E72: Social / booking page only | F72: https://www.facebook.com/mannsbestfriendlowestoft | H72: 5 | I72: 25 | J72: Lowestoft | K72: NR32 2DW | L72: Ethel Rd, Lowestoft NR32 2DW | M72: Weekday 10am–12pm or early afternoon (between clients) | N72: Open map
A73: 72 | B73: Paw Marks Dog Grooming Salon | C73: Pet Care | D73: 087 656 4343 | E73: None | H73: 4.8 | I73: 24 | J73: Cratloe | K73: V95 X8N3 | L73: Ballymorris, Cratloe, Co. Clare, V95 X8N3, Ireland | M73: Weekday 10am–12pm or early afternoon (between clients) | N73: Open map
A74: 73 | B74: Pearly paws dog grooming | C74: Pet Care | D74: 07557 944431 | E74: Social / booking page only | F74: https://www.facebook.com/share/1Eiyt5VgAi/ | H74: 5 | I74: 23 | J74: Brandon | K74: IP27 9JS | L74: 29c High St, Lakenheath, Brandon IP27 9JS | M74: Weekday 10am–12pm or early afternoon (between clients) | N74: Open map
A75: 74 | B75: Pip's Pampered Pooches | C75: Pet Care | D75: 07534 908415 | E75: Social / booking page only | F75: https://www.facebook.com/pipspamperedpooches | H75: 4.8 | I75: 21 | J75: Lowestoft | K75: NR33 7QF | L75: 86 High St, Kessingland, Lowestoft NR33 7QF | M75: Weekday 10am–12pm or early afternoon (between clients) | N75: Open map
A76: 75 | B76: Cut & Tuck Flooring | C76: General Contractor | D76: 01638 751568 | E76: None | H76: 4.8 | I76: 20 | J76: Bury Saint Edmunds | K76: IP28 8XG | L76: Red Lodge, Bury Saint Edmunds IP28 8XG | M76: Weekday 10am–12pm or early afternoon (between clients) | N76: Open map
A77: 76 | B77: Dandy Dogs | C77: Pet Care | D77: 01394 270030 | E77: None | H77: 4.6 | I77: 20 | J77: Felixstowe | K77: IP11 7JA | L77: 7A Cobbold Rd, Felixstowe IP11 7JA | M77: Weekday 10am–12pm or early afternoon (between clients) | N77: Open map
A78: 77 | B78: Hannah at The Dog and Collar | C78: Pet Care | D78: 07989 138429 | E78: Social / booking page only | F78: https://www.facebook.com/profile.php?id=61577658410775 | H78: 5 | I78: 16 | J78: Haverhill | K78: CB9 8AN | L78: 95 High St, Haverhill CB9 8AN | M78: Weekday 10am–12pm or early afternoon (between clients) | N78: Open map
A79: 78 | B79: Red Wolf Dog Grooming | C79: Pet Care | D79: 07459 833603 | E79: Social / booking page only | F79: https://www.facebook.com/profile.php?id=61556090693535&mibextid=ZbWKwL | H79: 5 | I79: 16 | J79: Lowestoft | K79: NR32 4AF | L79: 143 Yarmouth Rd, Lowestoft NR32 4AF | M79: Weekday 10am–12pm or early afternoon (between clients) | N79: Open map
A80: 79 | B80: Meg’s Dog Grooming | C80: Pet Care | D80: 07590 491120 | E80: Social / booking page only | F80: https://www.facebook.com/megsdoggrooming/ | H80: 4.7 | I80: 15 | J80: Sudbury | K80: CO10 1PY | L80: 6 Aubrey Dr, Sudbury CO10 1PY | M80: Weekday 10am–12pm or early afternoon (between clients) | N80: Open map
A81: 80 | B81: Jennifer Sims Dog Grooming | C81: Pet Care | D81: 07935 243699 | E81: Social / booking page only | F81: https://www.facebook.com/jensimsdoggrooming | H81: 4.9 | I81: 12 | J81: Lowestoft | K81: NR32 5QW | L81: 6 Brickfields, Somerleyton, Lowestoft NR32 5QW | M81: Weekday 10am–12pm or early afternoon (between clients) | N81: Open map
A82: 81 | B82: Susie's Grooming Parlour | C82: Pet Care | D82: 07817 002979 | E82: Social / booking page only | F82: https://www.facebook.com/SusiesDogGrooming/ | H82: 4.7 | I82: 12 | J82: Stowmarket | K82: IP14 3NX | L82: 62 Old St, Haughley, Stowmarket IP14 3NX | M82: Weekday 10am–12pm or early afternoon (between clients) | N82: Open map
A83: 82 | B83: Ch Flooring | C83: Building materials supplier | D83: 01842 337077 | E83: None | H83: 5 | I83: 10 | J83: Brandon | K83: IP27 9DS | L83: 78 High St, Lakenheath, Brandon IP27 9DS | M83: Weekday 10am–12pm or early afternoon (between clients) | N83: Open map
A84: 83 | B84: Glenn Wilson Flooring Ltd | C84: Building materials supplier | D84: 01440 422483 | E84: None | H84: 4.6 | I84: 10 | J84: Haverhill | K84: CB9 7AA | L84: Unit 3, Cherry Gardens, Haverhill CB9 7AA | M84: Weekday 10am–12pm or early afternoon (between clients) | N84: Open map
A85: 84 | B85: J H Floor Fitting | C85: Building materials supplier | D85: 07534 456160 | E85: Social / booking page only | F85: https://www.facebook.com/jhfloorfitting | H85: 5 | I85: 9 | J85: Bury Saint Edmunds | K85: IP30 0RZ | L85: Unit A, Francis Farm, Rattlesden, Bury Saint Edmunds IP30 0RZ | M85: Weekday 10am–12pm or early afternoon (between clients) | N85: Open map
A86: 85 | B86: JordanGrooms | C86: Pet Care | D86: 07821 182336 | E86: Social / booking page only | F86: https://m.facebook.com/JordanDogGrooms/ | H86: 5 | I86: 8 | J86: Sudbury | K86: CO10 5LW | L86: Assington Road, Assington, Sudbury CO10 5LW | M86: Weekday 10am–12pm or early afternoon (between clients) | N86: Open map
A87: 86 | B87: Furry Tail Grooming | C87: Pet Care | D87: 07706 665334 | E87: Social / booking page only | F87: https://www.facebook.com/LisasFurryTailGrooming/ | H87: 4.8 | I87: 6 | J87: Bury Saint Edmunds | K87: IP28 7LL | L87: 56 Mulberry Cl, Mildenhall, Bury Saint Edmunds IP28 7LL | M87: Weekday 10am–12pm or early afternoon (between clients) | N87: Open map
A88: 87 | B88: Lulu's Dog Grooming Salon | C88: Pet Care | D88: 07505 129136 | E88: Social / booking page only | F88: https://www.facebook.com/profile.php?id=61560429134802 | H88: 5 | I88: 6 | J88: Ipswich | K88: IP10 0PW | L88: Ivy Cottage, Kirton, Ipswich IP10 0PW | M88: Weekday 10am–12pm or early afternoon (between clients) | N88: Open map
A89: 88 | B89: Canine Care | C89: Pet Care | D89: 01284 728757 | E89: None | H89: 5 | I89: 5 | J89: Bury Saint Edmunds | K89: IP28 6HZ | L89: 4 Holden Rd, Lackford, Bury Saint Edmunds IP28 6HZ | M89: Weekday 10am–12pm or early afternoon (between clients) | N89: Open map
A90: 89 | B90: Oscars Posh Pets | C90: Pet Care | D90: 01787 247708 | E90: None | H90: 5 | I90: 5 | J90: Sudbury | K90: CO10 9SP | L90: 57 Green Willows, Lavenham, Sudbury CO10 9SP | M90: Weekday 10am–12pm or early afternoon (between clients) | N90: Open map
A91: 90 | B91: Licks & Kisses Dog Grooming | C91: Pet Care | D91: 07943 651736 | E91: Social / booking page only | F91: https://m.facebook.com/LKDOGGROOMING/ | H91: 5 | I91: 3 | J91: Aldeburgh | K91: IP15 5JT | L91: 26 Franklin Rd, Aldeburgh IP15 5JT | M91: Weekday 10am–12pm or early afternoon (between clients) | N91: Open map
A92: 91 | B92: Cliff Lane Flooring Ltd | C92: Building materials supplier | D92: 01473 233687 | E92: None | H92: 5 | I92: 3 | J92: Ipswich | K92: IP3 0PQ | L92: 107B Cliff Ln, Ipswich IP3 0PQ | M92: Weekday 10am–12pm or early afternoon (between clients) | N92: Open map
A93: 92 | B93: TrimTales grooming | C93: Pet Care | D93: 07502 450450 | E93: Social / booking page only | F93: https://www.facebook.com/TrimTales | H93: 5 | I93: 3 | J93: Newmarket | K93: CB8 8XU | L93: 28, Wickhambrook, Newmarket CB8 8XU | M93: Weekday 10am–12pm or early afternoon (between clients) | N93: Open map
A94: 93 | B94: BuddiesPetShop | C94: Pet Shop | D94: 01728 604004 | E94: None | H94: 4.7 | I94: 3 | J94: Saxmundham | K94: IP17 1AJ | L94: 41 High St, Saxmundham IP17 1AJ | M94: Weekday 10am–12pm or early afternoon (between clients) | N94: Open map
A95: 94 | B95: The Furry Godmother | C95: Pet Care | D95: 07303 011828 | E95: Social / booking page only | F95: https://www.facebook.com/share/1BbfteK7Yx/?mibextid=wwXIfr | H95: 5 | I95: 2 | J95: Brandon | K95: IP27 9JS | L95: 29c High St, Lakenheath, Brandon IP27 9JS | M95: Weekday 10am–12pm or early afternoon (between clients) | N95: Open map
A96: 95 | B96: Woods Bark & Bloom | C96: Pet Care | D96: 07728 713103 | E96: Social / booking page only | F96: https://woods-bark-bloom.square.site/ | H96: 5 | I96: 2 | J96: Bury Saint Edmunds | K96: IP33 2RH | L96: Unit 6, Hardwick Shopping Centre, Bury St Edmunds, Bury Saint Edmunds IP33 2RH | M96: Weekday 10am–12pm or early afternoon (between clients) | N96: Open map
A97: 96 | B97: The Grooming Shed | C97: Pet Care | D97: 01394 211350 | E97: None | H97: 5 | I97: 2 | J97: Felixstowe | K97: IP11 9BS | L97: 49A Seaton Rd, Felixstowe IP11 9BS | M97: Weekday 10am–12pm or early afternoon (between clients) | N97: Open map
A98: 97 | B98: Holton Trading Post | C98: Shop | D98: 01986 874277 | E98: None | H98: 5 | I98: 2 | J98: Halesworth | K98: IP19 8NH | L98: Unit 10 Old Airfield, Halesworth IP19 8NH | M98: Weekday 10am–12pm or early afternoon (between clients) | N98: Open map
A99: 98 | B99: Heads n Tails | C99: Pet Care | D99: 01502 566338 | E99: None | H99: 5 | I99: 2 | J99: Lowestoft | K99: NR32 1DE | L99: 10 Battery Green Rd, Lowestoft NR32 1DE | M99: Weekday 10am–12pm or early afternoon (between clients) | N99: Open map
A100: 99 | B100: The Secret Doghouse- by Gemma Chapman | C100: Pet Care | D100: 07780 920293 | E100: Social / booking page only | F100: https://www.facebook.com/The-Secret-Doghouse-171151139703067/ | H100: 4.5 | I100: 2 | J100: Lowestoft | K100: NR33 8FA | L100: Four Acres, 17 Secret Close, Carlton Colville, Lowestoft NR33 8FA | M100: Weekday 10am–12pm or early afternoon (between clients) | N100: Open map
A101: 100 | B101: The Grooming Shed | C101: Pet Care | D101: 07754 096406 | E101: Social / booking page only | F101: https://www.facebook.com/TheGr00mingShed/ | H101: 5 | I101: 2 | J101: Sudbury | K101: CO10 5LX | L101: Bramwell House, Colchester Rd, Assington, Sudbury CO10 5LX | M101: Weekday 10am–12pm or early afternoon (between clients) | N101: Open map
A102: 101 | B102: Darcy's Groom Room | C102: Pet Care | D102: 07393 676181 | E102: Social / booking page only | F102: https://www.facebook.com/people/Lauras-Paws-Dog-Grooming/61589701388176/ | H102: 5 | I102: 2 | J102: Woodbridge | K102: IP13 9NZ | L102: Laura's Paws, Cransford, Woodbridge IP13 9NZ | M102: Weekday 10am–12pm or early afternoon (between clients) | N102: Open map
A103: 102 | B103: Crossmans Carpets | C103: Building materials supplier | D103: 07510 078814 | E103: None | H103: 1 | I103: 1 | J103: Lowestoft | K103: NR33 9QT | L103: Unit 29A, Colville Pit, Colville Rd Works, Lowestoft NR33 9QT | M103: Weekday 10am–12pm or early afternoon (between clients) | N103: Open map
A104: 103 | B104: Doggy Diva's Haverhill | C104: Pet Care | D104: 07960 047435 | E104: None | I104: 0 | J104: Haverhill | K104: CB9 7UU | L104: Inside Petco, Sturmer Rd, Haverhill CB9 7UU | M104: Weekday 10am–12pm or early afternoon (between clients) | N104: Open map
A105: 104 | B105: desired outcome ltd | C105: General Contractor | D105: 07512 837555 | E105: None | I105: 0 | J105: Newmarket | K105: CB8 8BZ | L105: 178 New Cheveley Rd, Newmarket CB8 8BZ | M105: Weekday 10am–12pm or early afternoon (between clients) | N105: Open map
A106: 105 | B106: Coastal Flooring Co | C106: General Contractor | D106: 07880 746523 | E106: None | I106: 0 | J106: Woodbridge | K106: IP13 0DP | L106: Marlesford Rd, Woodbridge IP13 0DP | M106: Weekday 10am–12pm or early afternoon (between clients) | N106: Open map
A107: 106 | B107: Leiston Carpets Ltd | C107: Building materials supplier | D107: 01728 831227 | E107: None | H107: 4.4 | I107: 19 | J107: Leiston | K107: IP16 4EW | L107: 10-12 High St, Leiston IP16 4EW | M107: Weekday 10am–12pm or early afternoon (between clients) | N107: Open map
A108: 107 | B108: Peninsula Dog Grooming | C108: Pet Care | D108: 01394 411057 | E108: None | H108: 4.3 | I108: 12 | J108: Woodbridge | K108: IP12 3RH | L108: Alderton Rd, Hollesley, Woodbridge IP12 3RH | M108: Weekday 10am–12pm or early afternoon (between clients) | N108: Open map
A109: 108 | B109: First Step Flooring | C109: General Contractor | D109: 01638 484255 | E109: None | H109: 4 | I109: 11 | J109: Newmarket | K109: CB8 7SH | L109: Newmarket CB8 7SH | M109: Weekday 10am–12pm or early afternoon (between clients) | N109: Open map
A110: 109 | B110: Alfie's Dog Grooming | C110: Pet Care | D110: 01638 664556 | E110: None | H110: 4.2 | I110: 5 | J110: Newmarket | K110: CB8 7AZ | L110: 358 Aureole Walk, Newmarket CB8 7AZ | M110: Weekday 10am–12pm or early afternoon (between clients) | N110: Open map
A111: 110 | B111: The Grooming Salon | C111: Pet Care | D111: 01449 673806 | E111: Social / booking page only | F111: https://www.facebook.com/TheGroomingSalonStowmarket | H111: 5 | I111: 6 | J111: Stowmarket | K111: IP14 1PR | L111: 26 Finborough Rd, Stowmarket IP14 1PR | M111: Weekday 10am–12pm or early afternoon (between clients) | N111: Open map
A112: 111 | B112: Oscar & Co. Dog Grooming | C112: Pet Care | D112: 07808 854988 | E112: Social / booking page only | F112: https://www.facebook.com/oscarandcodoggrooming/ | H112: 3 | I112: 2 | J112: Lowestoft | K112: NR33 7AD | L112: London Rd Pakefield (entrance, Grayson Ave, Pakefield, Lowestoft NR33 7AD | M112: Weekday 10am–12pm or early afternoon (between clients) | N112: Open map
A113: 112 | B113: Larling Grooming | C113: Pet Care | D113: 01449 615980 | E113: None | H113: 1 | I113: 1 | J113: Ipswich | K113: IP6 8NW | L113: 27 Maitland Rd, Needham Market, Ipswich IP6 8NW | M113: Weekday 10am–12pm or early afternoon (between clients) | N113: Open map
A114: 113 | B114: Dental Tails | C114: Pet Care | D114: 01728 453482 | E114: None | I114: 0 | J114: Aldeburgh | K114: IP15 5EJ | L114: Saxmundham Rd, Aldeburgh IP15 5EJ | M114: Weekday 10am–12pm or early afternoon (between clients) | N114: Open map
A115: 114 | B115: groomingmales | C115: Pet Care | D115: 0330 043 1332 | E115: None | I115: 0 | J115: Bury Saint Edmunds | K115: IP28 7DE | L115: Mildenhall, Bury Saint Edmunds IP28 7DE | M115: Weekday 10am–12pm or early afternoon (between clients) | N115: Open map
A116: 115 | B116: Bob's Carpets | C116: Building materials supplier | D116: 01440 707100 | E116: None | I116: 0 | J116: Haverhill | K116: CB9 9JT | L116: 50 Arrendene Rd, Haverhill CB9 9JT | M116: Weekday 10am–12pm or early afternoon (between clients) | N116: Open map
A117: 116 | B117: Fluff The Ruff | C117: Pet Care | D117: 01449 706456 | E117: None | I117: 0 | J117: Ipswich | K117: IP6 8NW | L117: 15 Maitland Rd, Needham Market, Ipswich IP6 8NW | M117: Weekday 10am–12pm or early afternoon (between clients) | N117: Open map
A118: 117 | B118: JO'S DOG GROOMING | C118: Pet Care | D118: 01787 377661 | E118: Social / booking page only | F118: https://www.facebook.com/SudburyDogGroomer/?hc_ref=ARTY7BNmUNaTPNKO5RejEUkQVO2PO-opLk3_NEtC_JJKCEpb2ngwwlYODy0o9xs8wsU | H118: 4.2 | I118: 5 | J118: Sudbury | K118: CO10 2XH | L118: 4 Alexandra Rd, Sudbury CO10 2XH | M118: Weekday 10am–12pm or early afternoon (between clients) | N118: Open map
A119: 118 | B119: The Carpet Store | C119: Building materials supplier | D119: 01842 813380 | E119: None | G119: Possible branch site, check: http://carpetstoreburystedmunds.co.uk/ | H119: 4.9 | I119: 26 | J119: Brandon | K119: IP27 0AQ | L119: 1A High St, Brandon IP27 0AQ | M119: Weekday 10am–12pm or early afternoon (between clients) | N119: Open map

Sheet Painters & decorators
A1: Rank | B1: Business name | C1: Category | D1: Phone | E1: Website status | F1: Website | G1: Check first | H1: Rating | I1: Reviews | J1: Town | K1: Postcode | L1: Address | M1: Best time to call | N1: Google Maps | O1: Checked no website? (Y/N) | P1: Called (date) | Q1: Outcome | R1: Notes
A2: 1 | B2: GSK painting and decorating services | C2: Painter and Decorator | D2: 07913 141588 | E2: None | H2: 4.9 | I2: 48 | J2: Sudbury | K2: CO10 0LW | L2: 68 Hawthorn Rd, Great Cornard, Sudbury CO10 0LW | M2: 7:30–8:30am or 5–6pm (before/after jobs) | N2: Open map
A3: 2 | B3: Harry & Son Professional Decorators | C3: Painter and Decorator | D3: 07707 732069 | E3: None | H3: 5 | I3: 43 | J3: Haverhill | K3: CB9 9QS | L3: Grenadier Rd, Haverhill CB9 9QS | M3: 7:30–8:30am or 5–6pm (before/after jobs) | N3: Open map
A4: 3 | B4: JBM Decorating | C4: Painter and Decorator | D4: 07521 986863 | E4: None | H4: 4.8 | I4: 24 | J4: Brandon | K4: IP27 0YL | L4: 15 Linnet Cres, Brandon IP27 0YL | M4: 7:30–8:30am or 5–6pm (before/after jobs) | N4: Open map
A5: 4 | B5: VJ Painting and Decorating | C5: Painter and Decorator | D5: 07887 216054 | E5: None | H5: 5 | I5: 24 | J5: Haverhill | K5: CB9 9LR | L5: Burton End, Haverhill CB9 9LR | M5: 7:30–8:30am or 5–6pm (before/after jobs) | N5: Open map
A6: 5 | B6: Harvey decorators | C6: Painter and Decorator | D6: 07985 338285 | E6: None | H6: 5 | I6: 18 | J6: Haverhill | K6: CB9 0LZ | L6: 14 Fisher Cl, Haverhill CB9 0LZ | M6: 7:30–8:30am or 5–6pm (before/after jobs) | N6: Open map
A7: 6 | B7: S&G Home Improvements | C7: Painter and Decorator | D7: 07957 096597 | E7: None | H7: 5 | I7: 13 | J7: Sudbury | K7: CO10 0UQ | L7: Vicarage Ln, Acton, Sudbury CO10 0UQ | M7: 7:30–8:30am or 5–6pm (before/after jobs) | N7: Open map
A8: 7 | B8: Cobb Decorating | C8: Painter and Decorator | D8: 07377 764394 | E8: None | H8: 5 | I8: 10 | J8: Bungay | K8: NR35 1JE | L8: Unit 58 Garden Cl, Bungay NR35 1JE | M8: 7:30–8:30am or 5–6pm (before/after jobs) | N8: Open map
A9: 8 | B9: B S Decorating Services. | C9: Painter and Decorator | D9: 07984 517726 | E9: None | H9: 4.6 | I9: 9 | J9: Haverhill | K9: CB9 0JL | L9: Gannet Cl, Haverhill CB9 0JL | M9: 7:30–8:30am or 5–6pm (before/after jobs) | N9: Open map
A10: 9 | B10: DKM Trading | C10: Painter and Decorator | D10: 07808 055729 | E10: None | H10: 5 | I10: 7 | J10: Haverhill | K10: CB9 9BG | L10: Arundel Walk, Haverhill CB9 9BG | M10: 7:30–8:30am or 5–6pm (before/after jobs) | N10: Open map
A11: 10 | B11: Steve Shaw Painter and Decorator | C11: Painter and Decorator | D11: 07874 263889 | E11: None | H11: 5 | I11: 7 | J11: Ipswich | K11: IP3 9GA | L11: 12 Breydon Way, Ipswich IP3 9GA | M11: 7:30–8:30am or 5–6pm (before/after jobs) | N11: Open map
A12: 11 | B12: Mark Longdin Specialist Painter Decorator and Interior Refurbishment | C12: Painter and Decorator | D12: 07500 373408 | E12: None | H12: 5 | I12: 6 | J12: Woodbridge | K12: IP12 3FE | L12: 12 Martello Close, Bawdsey, Woodbridge IP12 3FE | M12: 7:30–8:30am or 5–6pm (before/after jobs) | N12: Open map
A13: 12 | B13: Remarkable Tiling & Painting | C13: General Contractor | D13: 07527 436606 | E13: None | H13: 5 | I13: 5 | J13: Haverhill | K13: CB9 9LJ | L13: 79 Downs Cres, Haverhill CB9 9LJ | M13: 7:30–8:30am or 5–6pm (before/after jobs) | N13: Open map
... A33: 32 | B33: Gray's Painting & Decorating | C33: Painter and Decorator | D33: 07972 125645 | E33: None | H33: 4 | I33: 1 | J33: Bury Saint Edmunds | K33: IP32 6HU | L33: 21 Bunbury Rd, Bury St Edmunds, Bury Saint Edmunds IP32 6HU | M33: 7:30–8:30am or 5–6pm (before/after jobs) | N33: Open map
A34: 33 | B34: Meadows painting & decorating services | C34: Painter and Decorator | D34: 07547 542655 | E34: Social / booking page only | F34: https://www.facebook.com/share/1ApkfgidTR/?mibextid=wwXIfr | H34: 5 | I34: 24 | J34: Stowmarket | K34: IP14 1UQ | L34: 82 Spencer Way, Stowmarket IP14 1UQ | M34: 7:30–8:30am or 5–6pm (before/after jobs) | N34: Open map
A35: 34 | B35: Trowse & Co Decor | C35: Painter and Decorator | D35: 01284 598078 | E35: None | H35: 5 | I35: 20 | J35: Bury Saint Edmunds | K35: IP32 6DE | L35: 22 Beetons Way, Bury St Edmunds, Bury Saint Edmunds IP32 6DE | M35: 7:30–8:30am or 5–6pm (before/after jobs) | N35: Open map
A36: 35 | B36: Breeze Decorating | C36: Painter and Decorator | D36: 07901 796892 | E36: Social / booking page only | F36: https://www.facebook.com/BreezeDecorating | H36: 5 | I36: 19 | J36: Lowestoft | K36: NR32 3QP | L36: Hunton Rd, Oulton Broad, Lowestoft NR32 3QP | M36: 7:30–8:30am or 5–6pm (before/after jobs) | N36: Open map
A37: 36 | B37: RDM PROPERTY CARE | C37: Painter and Decorator | D37: 07480 851575 | E37: Social / booking page only | F37: https://www.facebook.com/Rdmpropertycare/ | H37: 5 | I37: 18 | J37: Stowmarket | K37: IP14 1SG | L37: 16 Boulters Way, Stowmarket IP14 1SG | M37: 7:30–8:30am or 5–6pm (before/after jobs) | N37: Open map
A38: 37 | B38: LPS Decorating Services | C38: Painter and Decorator | D38: 07470 220945 | E38: Social / booking page only | F38: https://www.facebook.com/LPS-Decorating-Services-752563891501474/ | H38: 4.7 | I38: 15 | J38: Sudbury | K38: CO10 0LG | L38: Rede Way, Great Cornard, Sudbury CO10 0LG | M38: 7:30–8:30am or 5–6pm (before/after jobs) | N38: Open map
A39: 38 | B39: K&D Pomroy Painters And Decorators | C39: Painter and Decorator | D39: 01638 669466 | E39: None | H39: 5 | I39: 14 | J39: Newmarket | K39: CB8 0ER | L39: 11 Stirling Gardens, Newmarket CB8 0ER | M39: 7:30–8:30am or 5–6pm (before/after jobs) | N39: Open map
A40: 39 | B40: James Cockerill Professional Painter and Decorator | C40: Painter and Decorator | D40: 01986 798941 | E40: None | H40: 5 | I40: 10 | J40: Woodbridge | K40: IP13 8BF | L40: 5 bramble close, Laxfield, Woodbridge IP13 8BF | M40: 7:30–8:30am or 5–6pm (before/after jobs) | N40: Open map
A41: 40 | B41: Narwhal Interiors | C41: Home Furniture Shop | D41: 01728 724507 | E41: None | H41: 5 | I41: 7 | J41: Woodbridge | K41: IP13 9AN | L41: 23 Market Hill, Framlingham, Woodbridge IP13 9AN | M41: 7:30–8:30am or 5–6pm (before/after jobs) | N41: Open map
A42: 41 | B42: Harber Decor | C42: Painter and Decorator | D42: 07907 652896 | E42: Social / booking page only | F42: https://m.facebook.com/harberdecor/?__xts__ | H42: 4.7 | I42: 6 | J42: Haverhill | K42: CB9 8BD | L42: 8 Mill Rd, Haverhill CB9 8BD | M42: 7:30–8:30am or 5–6pm (before/after jobs) | N42: Open map
A43: 42 | B43: Paintfull Solutions Decorating Services | C43: Painter and Decorator | D43: 07523 643271 | E43: Social / booking page only | F43: http://www.facebook.com/paintfullsolutions | H43: 5 | I43: 5 | J43: Woodbridge | K43: IP12 4HF | L43: 21 Bilney Rd, Woodbridge IP12 4HF | M43: 7:30–8:30am or 5–6pm (before/after jobs) | N43: Open map
A44: 43 | B44: RDL Decorating | C44: Painter and Decorator | D44: 07986 930390 | E44: None | H44: 2.3 | I44: 3 | J44: Beccles | K44: NR34 7AE | L44: 2 Ellough Rd, Beccles NR34 7AE | M44: 7:30–8:30am or 5–6pm (before/after jobs) | N44: Open map
A45: 44 | B45: East Coast Painter & Decorater | C45: Painter and Decorator | D45: 07724 698127 | E45: None | H45: 3.7 | I45: 3 | J45: Woodbridge | K45: IP12 1LA | L45: 2 Haugh Ln, Woodbridge IP12 1LA | M45: 7:30–8:30am or 5–6pm (before/after jobs) | N45: Open map
A46: 45 | B46: Ray Holder Painter & Decorator | C46: Painter and Decorator | D46: 01842 860889 | E46: None | H46: 5 | I46: 2 | J46: Brandon | K46: IP27 9HW | L46: 7 Wings Rd, Lakenheath, Brandon IP27 9HW | M46: 7:30–8:30am or 5–6pm (before/after jobs) | N46: Open map
A47: 46 | B47: A Touch of Gloss | C47: Painter and Decorator | D47: 01638 712503 | E47: None | H47: 5 | I47: 2 | J47: Bury Saint Edmunds | K47: IP28 7LF | L47: 2 Raven Cl, Mildenhall, Bury Saint Edmunds IP28 7LF | M47: 7:30–8:30am or 5–6pm (before/after jobs) | N47: Open map
A48: 47 | B48: Place AJ | C48: Painter and Decorator | D48: 01284 756196 | E48: None | H48: 5 | I48: 2 | J48: Bury Saint Edmunds | K48: IP33 2PU | L48: 3 Hickling Dr, Bury St Edmunds, Bury Saint Edmunds IP33 2PU | M48: 7:30–8:30am or 5–6pm (before/after jobs) | N48: Open map
A49: 48 | B49: Christopher Wheeler Painter & Decorator | C49: Painter and Decorator | D49: 07930 158763 | E49: None | H49: 3 | I49: 2 | J49: Woodbridge | K49: IP13 0ST | L49: 70 Simon's Cross, Wickham Market, Woodbridge IP13 0ST | M49: 7:30–8:30am or 5–6pm (before/after jobs) | N49: Open map
A50: 49 | B50: DD Painter & Home Improvements | C50: Painter and Decorator | D50: 07864 872741 | E50: Social / booking page only | F50: https://m.facebook.com/DDimprovementsBSE | H50: 5 | I50: 1 | J50: Bury Saint Edmunds | K50: IP28 6LF | L50: 5, Bury Saint Edmunds IP28 6LF | M50: 7:30–8:30am or 5–6pm (before/after jobs) | N50: Open map
A51: 50 | B51: Andy McCallum Decorating | C51: Painter and Decorator | D51: 01394 283313 | E51: None | H51: 5 | I51: 1 | J51: Felixstowe | K51: IP11 0TT | L51: 10 The Avenue, Trimley St Mary, Felixstowe IP11 0TT | M51: 7:30–8:30am or 5–6pm (before/after jobs) | N51: Open map
A52: 51 | B52: ASR DECORATORS | C52: Painter and Decorator | D52: 07928 582923 | E52: Social / booking page only | F52: https://www.facebook.com/ASR.Decorators1980 | H52: 5 | I52: 1 | J52: Felixstowe | K52: IP11 2PL | L52: 126 Grange Rd, Felixstowe IP11 2PL | M52: 7:30–8:30am or 5–6pm (before/after jobs) | N52: Open map
A53: 52 | B53: D & A Renovations | C53: Painter and Decorator | D53: 01502 476225 | E53: None | H53: 5 | I53: 1 | J53: Halesworth | K53: IP19 8ES | L53: 8 Orchid Cl, Halesworth IP19 8ES | M53: 7:30–8:30am or 5–6pm (before/after jobs) | N53: Open map
A54: 53 | B54: Rous Adrian | C54: Painter and Decorator | D54: 01502 724336 | E54: None | H54: 5 | I54: 1 | J54: Southwold | K54: IP18 6PH | L54: 72 Adamson Rd, Reydon, Southwold IP18 6PH | M54: 7:30–8:30am or 5–6pm (before/after jobs) | N54: Open map
A55: 54 | B55: LH painting services | C55: Painter and Decorator | D55: 07577 000406 | E55: None | I55: 0 | J55: Bungay | K55: NR35 1JP | L55: 4 Bigod Rd, Bungay NR35 1JP | M55: 7:30–8:30am or 5–6pm (before/after jobs) | N55: Open map
A56: 55 | B56: Louis Elliston Professional Painting and Decorating | C56: Painter and Decorator | D56: 07856 131099 | E56: None | I56: 0 | J56: Felixstowe | K56: IP11 0YT | L56: 29 Great Fld, Trimley St Mary, Felixstowe IP11 0YT | M56: 7:30–8:30am or 5–6pm (before/after jobs) | N56: Open map
A57: 56 | B57: NJC Decor Plus | C57: Services | D57: 07830 119273 | E57: None | I57: 0 | J57: Felixstowe | K57: IP11 2NB | L57: 7 Langley Cl, Felixstowe IP11 2NB | M57: 7:30–8:30am or 5–6pm (before/after jobs) | N57: Open map
A58: 57 | B58: Ian Shaw Painting & Decorating | C58: Painter and Decorator | D58: 07935 857113 | E58: None | I58: 0 | J58: Haverhill | K58: CB9 7RB | L58: 25 Bellings Rd, Haverhill CB9 7RB | M58: 7:30–8:30am or 5–6pm (before/after jobs) | N58: Open map
A59: 58 | B59: Jay’s Decorating | C59: Painter and Decorator | D59: 07729 771628 | E59: None | I59: 0 | J59: Haverhill | K59: CB9 9QS | L59: 27 Pearmain walk, Haverhill CB9 9QS | M59: 7:30–8:30am or 5–6pm (before/after jobs) | N59: Open map
A60: 59 | B60: ABH DECORATING | C60: Painter and Decorator | D60: 07974 261752 | E60: None | I60: 0 | J60: Ipswich | K60: IP6 8BJ | L60: 3 Crowley Rd, Needham Market, Ipswich IP6 8BJ | M60: 7:30–8:30am or 5–6pm (before/after jobs) | N60: Open map
A61: 60 | B61: Brushwork Decorators | C61: Painter and Decorator | D61: 07566 207392 | E61: None | I61: 0 | J61: Ipswich | K61: IP7 5RZ | L61: 54 Wilson Rd, Hadleigh, Ipswich IP7 5RZ | M61: 7:30–8:30am or 5–6pm (before/after jobs) | N61: Open map
A62: 61 | B62: Cardinal Decorative UK | C62: Painter and Decorator | D62: 07770 502095 | E62: None | I62: 0 | J62: Ipswich | K62: IP6 8JJ | L62: 119 Foxglove Ave, Needham Market, Ipswich IP6 8JJ | M62: 7:30–8:30am or 5–6pm (before/after jobs) | N62: Open map
A63: 62 | B63: Excel Decorating Ea | C63: Painter and Decorator | D63: 07586 918964 | E63: None | I63: 0 | J63: Lowestoft | K63: NR33 7JF | L63: 101 Blackheath Rd, Lowestoft NR33 7JF | M63: 7:30–8:30am or 5–6pm (before/after jobs) | N63: Open map
A64: 63 | B64: E F Kerry Decorators | C64: Painter and Decorator | D64: 07771 970466 | E64: None | I64: 0 | J64: Stowmarket | K64: IP14 2DH | L64: 13 Orwell Rd, Stowmarket IP14 2DH | M64: 7:30–8:30am or 5–6pm (before/after jobs) | N64: Open map
A65: 64 | B65: Simon's Painting and Decorating Service's | C65: Painter and Decorator | D65: 07746 833515 | E65: Social / booking page only | F65: http://www.facebook.com/swpandd | H65: 4.4 | I65: 15 | J65: Felixstowe | K65: IP11 2LG | L65: 26 Cricket Hill Rd, Felixstowe IP11 2LG | M65: 7:30–8:30am or 5–6pm (before/after jobs) | N65: Open map
A66: 65 | B66: A R Laffling | C66: Painter and Decorator | D66: 01787 370628 | E66: None | H66: 4 | I66: 2 | J66: Sudbury | K66: CO10 9HP | L66: 10 Station Rd, Long Melford, Sudbury CO10 9HP | M66: 7:30–8:30am or 5–6pm (before/after jobs) | N66: Open map
A67: 66 | B67: Dominic Curran Painter & Decorator | C67: Painter and Decorator | D67: 01787 281860 | E67: None | H67: 1 | I67: 2 | J67: Sudbury | K67: CO10 7RG | L67: 48 Tye Grn, Glemsford, Sudbury CO10 7RG | M67: 7:30–8:30am or 5–6pm (before/after jobs) | N67: Open map
A68: 67 | B68: Strawstone Ltd | C68: Painter and Decorator | D68: 01473 827338 | E68: None | H68: 1 | I68: 1 | J68: Ipswich | K68: IP7 6AE | L68: 14 The Grn, Hadleigh, Ipswich IP7 6AE | M68: 7:30–8:30am or 5–6pm (before/after jobs) | N68: Open map
A69: 68 | B69: Decorating & Maintenance Services | C69: Painter and Decorator | D69: 01502 714230 | E69: None | I69: 0 | J69: Beccles | K69: NR34 9LS | L69: 46 Field View Gardens, Beccles NR34 9LS | M69: 7:30–8:30am or 5–6pm (before/after jobs) | N69: Open map
A70: 69 | B70: Barry Beard Painter and Decorator | C70: Painter and Decorator | D70: 01842 811057 | E70: None | I70: 0 | J70: Brandon | K70: IP27 0TB | L70: 7 Wren Cl, Brandon IP27 0TB | M70: 7:30–8:30am or 5–6pm (before/after jobs) | N70: Open map
A71: 70 | B71: Sutton Decorators | C71: Painter and Decorator | D71: 01842 860043 | E71: None | I71: 0 | J71: Brandon | K71: IP27 9JR | L71: 13 Birch Cres, Lakenheath, Brandon IP27 9JR | M71: 7:30–8:30am or 5–6pm (before/after jobs) | N71: Open map
A72: 71 | B72: JC Premiere | C72: Painter and Decorator | D72: 01440 709498 | E72: None | I72: 0 | J72: Haverhill | K72: CB9 0PU | L72: 12 Kitten Cl, Haverhill CB9 0PU | M72: 7:30–8:30am or 5–6pm (before/after jobs) | N72: Open map
A73: 72 | B73: Grange Decorating | C73: Painter and Decorator | D73: 01473 620828 | E73: None | I73: 0 | J73: Ipswich | K73: IP5 3TA | L73: 79 Carlford Cl, Martlesham Heath, Martlesham, Ipswich IP5 3TA | M73: 7:30–8:30am or 5–6pm (before/after jobs) | N73: Open map
A74: 73 | B74: J J Dunn Decorating | C74: Painter and Decorator | D74: 01473 828953 | E74: None | I74: 0 | J74: Ipswich | K74: IP7 5EP | L74: 1 Pykenham Way, Hadleigh, Ipswich IP7 5EP | M74: 7:30–8:30am or 5–6pm (before/after jobs) | N74: Open map
A75: 74 | B75: K.I.Towells | C75: Painter and Decorator | D75: 01473 617404 | E75: None | I75: 0 | J75: Ipswich | K75: IP5 2DF | L75: 33 Walker Chase, Kesgrave, Ipswich IP5 2DF | M75: 7:30–8:30am or 5–6pm (before/after jobs) | N75: Open map
A76: 75 | B76: Mark Green Painting & Decorating | C76: Painter and Decorator | D76: 01473 624430 | E76: None | I76: 0 | J76: Ipswich | K76: IP5 2YU | L76: 10 Fox Lea, Kesgrave, Ipswich IP5 2YU | M76: 7:30–8:30am or 5–6pm (before/after jobs) | N76: Open map
A77: 76 | B77: W D W Painting Contractors | C77: Painter and Decorator | D77: 01728 833283 | E77: None | I77: 0 | J77: Leiston | K77: IP16 4HN | L77: 49 Waterloo Ave, Leiston IP16 4HN | M77: 7:30–8:30am or 5–6pm (before/after jobs) | N77: Open map
A78: 77 | B78: Colour Chameleon Painting & Decorating | C78: Painter and Decorator | D78: 07901 506178 | E78: Social / booking page only | F78: https://www.checkatrade.com/trades/Colourchameleonhomedecoratingservice | I78: 0 | J78: Lowestoft | K78: NR32 3NS | L78: 2 Gilpin Rd, Lowestoft NR32 3NS | M78: 7:30–8:30am or 5–6pm (before/after jobs) | N78: Open map
A79: 78 | B79: Egans Painters and Decorators | C79: Painter and Decorator | D79: 01638 751921 | E79: None | I79: 0 | J79: Newmarket | K79: CB8 8SN | L79: 16 Chippenham Rd, Moulton, Newmarket CB8 8SN | M79: 7:30–8:30am or 5–6pm (before/after jobs) | N79: Open map
A80: 79 | B80: FS Decorators | C80: Painter and Decorator | D80: 07493 507105 | E80: Social / booking page only | F80: https://m.facebook.com/profile.php?id=1815911511823414&ref=content_filter | I80: 0 | J80: Newmarket | K80: CB8 0JS | L80: Lowther St, Newmarket CB8 0JS | M80: 7:30–8:30am or 5–6pm (before/after jobs) | N80: Open map
A81: 80 | B81: J W Kirby Painter and Decorator | C81: Painter and Decorator | D81: 01638 661220 | E81: None | I81: 0 | J81: Newmarket | K81: CB8 8GH | L81: Ashbourne Court, 15 All Saints Rd, Newmarket CB8 8GH | M81: 7:30–8:30am or 5–6pm (before/after jobs) | N81: Open map
A82: 81 | B82: Taylors Decorators & Building Repairs | C82: Painter and Decorator | D82: 01638 669396 | E82: None | I82: 0 | J82: Newmarket | K82: CB8 0EX | L82: 21 Collings Pl, Newmarket CB8 0EX | M82: 7:30–8:30am or 5–6pm (before/after jobs) | N82: Open map
A83: 82 | B83: Walter Dowhan Painting & Decorating | C83: Painter and Decorator | D83: 01502 724898 | E83: None | I83: 0 | J83: Southwold | K83: IP18 6WG | L83: 24 St Margarets Ct, Reydon, Southwold IP18 6WG | M83: 7:30–8:30am or 5–6pm (before/after jobs) | N83: Open map
A84: 83 | B84: SUFFOLK PAINTING & DECORATING LTD | C84: Painter and Decorator | D84: 07979 475831 | E84: Social / booking page only | F84: http://www.yell.com/biz/suffolk-painting-and-decorating-ipswich-8173384/ | G84: Possible branch site, check: http://suffolkpaintinganddecoratingservices.co.uk/ | H84: 5 | I84: 1 | J84: Ipswich | K84: IP1 6QL | L84: 2 Limecroft Cl, Ipswich IP1 6QL | M84: 7:30–8:30am or 5–6pm (before/after jobs) | N84: Open map
A85: 84 | B85: TIP-TOP DECORATORS | D85: 07502 207216 | E85: None | G85: Possible branch site, check: https://tiptoplawncare.co.uk/ | I85: 0 | J85: Eye | K85: IP23 8HL | L85: 11 Columbine Way, Eye IP23 8HL | M85: 7:30–8:30am or 5–6pm (before/after jobs) | N85: Open map
A86: 85 | B86: Alexander Goldsmith - Interior Decorator (Dulux Accredited) | C86: Painter and Decorator | D86: 01502 806807 | E86: Social / booking page only | F86: https://www.instagram.com/alexandergoldsmith_interiordec/ | G86: Possible branch site, check: http://www.alexandergoldsmith.co.uk/ | I86: 0 | J86: Southwold | K86: IP18 6AS | L86: 11 High St, Southwold IP18 6AS | M86: 7:30–8:30am or 5–6pm (before/after jobs) | N86: Open map

Sheet Cleaning
A1: Rank | B1: Business name | C1: Category | D1: Phone | E1: Website status | F1: Website | G1: Check first | H1: Rating | I1: Reviews | J1: Town | K1: Postcode | L1: Address | M1: Best time to call | N1: Google Maps | O1: Checked no website? (Y/N) | P1: Called (date) | Q1: Outcome | R1: Notes
A2: 1 | B2: Keeping Up Appearances | C2: Services | D2: 07955 463989 | E2: Social / booking page only | F2: https://www.facebook.com/profile.php?id=61559551447252 | H2: 5 | I2: 12 | J2: Bury Saint Edmunds | K2: IP28 7JF | L2: 66 Woodlands Way, Mildenhall, Bury Saint Edmunds IP28 7JF | M2: 7:30–8:30am or 5–6pm (before/after jobs) | N2: Open map | R2: First list (Jordan)
A3: 2 | B3: MegaClean | C3: Services | D3: 07423 787913 | E3: None | H3: 5 | I3: 127 | J3: Felixstowe | K3: IP11 2XU | L3: Brandon Rd, Felixstowe IP11 2XU | M3: 7:30–8:30am or 5–6pm (before/after jobs) | N3: Open map
A4: 3 | B4: Y&V Window Cleaning | C4: Services | D4: 07770 148543 | E4: None | H4: 5 | I4: 106 | J4: Ipswich | K4: IP5 3QT | L4: The Chase, Martlesham Heath, Martlesham, Ipswich IP5 3QT | M4: 7:30–8:30am or 5–6pm (before/after jobs) | N4: Open map
A5: 4 | B5: Chapel Window Cleaning Services | C5: Services | D5: 07720 753932 | E5: None | H5: 5 | I5: 88 | J5: Woodbridge | K5: IP12 4NY | L5: The Street, Newbourne, Woodbridge IP12 4NY | M5: 7:30–8:30am or 5–6pm (before/after jobs) | N5: Open map
A6: 5 | B6: Elite Aqua Cleaning | C6: Services | D6: 07984 029989 | E6: None | H6: 5 | I6: 48 | J6: Stowmarket | K6: IP14 6HS | L6: 136 Church Row, Framsden, Stowmarket IP14 6HS | M6: 7:30–8:30am or 5–6pm (before/after jobs) | N6: Open map
A7: 6 | B7: The Clear Window Company | C7: Services | D7: 07930 393254 | E7: None | H7: 5 | I7: 30 | J7: Bury Saint Edmunds | K7: IP31 2QA | L7: 5, barley house, Bury Saint Edmunds IP31 2QA | M7: 7:30–8:30am or 5–6pm (before/after jobs) | N7: Open map
A8: 7 | B8: Cleaning Princess | C8: Services | D8: 07480 111168 | E8: None | H8: 4.8 | I8: 30 | J8: Lowestoft | K8: NR32 4PU | L8: 5 Uggeshall Cl, Lowestoft NR32 4PU | M8: 7:30–8:30am or 5–6pm (before/after jobs) | N8: Open map
A9: 8 | B9: Crash Cleaner Limited | C9: Services | D9: 07425 947292 | E9: None | H9: 4.7 | I9: 18 | J9: Newmarket | K9: CB8 0EU | L9: King Edward VII Rd, Newmarket CB8 0EU | M9: 7:30–8:30am or 5–6pm (before/after jobs) | N9: Open map
A10: 9 | B10: Pure Wash Cleaning Services | C10: Services | D10: 07917 825249 | E10: None | H10: 5 | I10: 17 | J10: Thetford | K10: IP24 3TT | L10: 102 Chalk Hall, Elveden, Thetford IP24 3TT | M10: 7:30–8:30am or 5–6pm (before/after jobs) | N10: Open map
A11: 10 | B11: Fussy cleaner services | C11: Services | D11: 07740 172311 | E11: None | H11: 4.6 | I11: 9 | J11: Glentor | K11: IP30 9PY | L11: Norton Rd, Tostock, Glentor IP30 9PY | M11: 7:30–8:30am or 5–6pm (before/after jobs) | N11: Open map
A12: 11 | B12: Newmans Window Cleaning Services | C12: Services | D12: 07368 660810 | E12: None | H12: 5 | I12: 9 | J12: Sudbury | K12: CO10 7GB | L12: Brundon Lane Unit 3 wk B SVBC, Sudbury CO10 7GB | M12: 7:30–8:30am or 5–6pm (before/after jobs) | N12: Open map
A13: 12 | B13: J2H Cleaning | C13: Services | D13: 07882 620977 | E13: None | H13: 5 | I13: 8 | J13: Ipswich | K13: IP2 0LS | L13: Harebell Rd, Ipswich IP2 0LS | M13: 7:30–8:30am or 5–6pm (before/after jobs) | N13: Open map
A14: 13 | B14: TD Cleans | C14: Services | D14: 07507 636130 | E14: None | H14: 5 | I14: 5 | J14: Brandon | K14: IP27 0AB | L14: 28 Yew Dr, Brandon IP27 0AB | M14: 7:30–8:30am or 5–6pm (before/after jobs) | N14: Open map
... A29: 28 | B29: Sean's Window Cleaning Services | C29: Services | D29: 07812 776310 | E29: None | H29: 4 | I29: 4 | J29: Bury Saint Edmunds | K29: IP31 1TA | L29: 6 Russell Baron Rd, Fornham St Martin, Bury Saint Edmunds IP31 1TA | M29: 7:30–8:30am or 5–6pm (before/after jobs) | N29: Open map
A30: 29 | B30: Mint Cleaning Services | C30: Services | D30: 07956 393508 | E30: Social / booking page only | F30: https://www.facebook.com/profile.php?id=100094364165544 | H30: 5 | I30: 28 | J30: Lowestoft | K30: NR32 3AQ | L30: Oulton Broad, Lowestoft NR32 3AQ | M30: 7:30–8:30am or 5–6pm (before/after jobs) | N30: Open map
A31: 30 | B31: HB Window & External Cleaning Services | C31: Services | D31: 07944 933051 | E31: Social / booking page only | F31: https://www.facebook.com/profile.php?id=61553545652400 | H31: 5 | I31: 19 | J31: Ipswich | K31: IP7 6GD | L31: 7 Durrant Rd, Hadleigh, Ipswich IP7 6GD | M31: 7:30–8:30am or 5–6pm (before/after jobs) | N31: Open map
A32: 31 | B32: KG's Window Cleaning | C32: Services | D32: 07792 518565 | E32: Social / booking page only | F32: https://www.facebook.com/people/KGs-Window-Cleaning/100092720343397/ | H32: 5 | I32: 11 | J32: Sudbury | K32: CO10 2RF | L32: Newton Rd, Sudbury CO10 2RF | M32: 7:30–8:30am or 5–6pm (before/after jobs) | N32: Open map
A33: 32 | B33: Graham's Window Cleaning | C33: Services | D33: 087 346 5461 | E33: None | H33: 5 | I33: 6 | J33: Clarecastle | K33: V95 K73C | L33: Creggaunnahilla, Clarecastle, Co. Clare, V95 K73C, Ireland | M33: 7:30–8:30am or 5–6pm (before/after jobs) | N33: Open map
A34: 33 | B34: TPN Windows Ltd. | C34: Services | D34: 07776 302730 | E34: Social / booking page only | F34: https://en-gb.facebook.com/tpnwindowsltd/ | H34: 5 | I34: 5 | J34: Bury Saint Edmunds | K34: IP32 6JP | L34: 28 Lydgate Cl, Bury St Edmunds, Bury Saint Edmunds IP32 6JP | M34: 7:30–8:30am or 5–6pm (before/after jobs) | N34: Open map
A35: 34 | B35: Rosies's Domestic Cleaning | C35: Services | D35: 07540 338921 | E35: None | H35: 3 | I35: 2 | J35: Felixstowe | K35: IP11 2YH | L35: 3 Darsham Cl, Felixstowe IP11 2YH | M35: 7:30–8:30am or 5–6pm (before/after jobs) | N35: Open map
A36: 35 | B36: Cleaning Services | C36: Services | D36: 07955 153027 | E36: None | H36: 3 | I36: 1 | J36: Brandon | K36: IP27 0RU | L36: 18 Chestnut Cl, Brandon IP27 0RU | M36: 7:30–8:30am or 5–6pm (before/after jobs) | N36: Open map
A37: 36 | B37: AA window and gutter cleaning | C37: Services | D37: 01379 308328 | E37: None | H37: 5 | I37: 1 | J37: Eye | K37: IP23 8HP | L37: Thornham Rd, Eye IP23 8HP | M37: 7:30–8:30am or 5–6pm (before/after jobs) | N37: Open map
A38: 37 | B38: Time for You | C38: Services | D38: 0800 458 0456 | E38: None | H38: 5 | I38: 1 | J38: Felixstowe | K38: IP11 2FW | L38: Blyford Way, Felixstowe IP11 2FW | M38: 7:30–8:30am or 5–6pm (before/after jobs) | N38: Open map
A39: 38 | B39: Marshall Brothers Window Cleaning | C39: Services | D39: 01502 219271 | E39: None | H39: 5 | I39: 1 | J39: Lowestoft | K39: NR32 3NX | L39: 100 Clarkson Rd, Lowestoft NR32 3NX | M39: 7:30–8:30am or 5–6pm (before/after jobs) | N39: Open map
A40: 39 | B40: High Vision UK Ltd | C40: Services | D40: 01787 828301 | E40: None | H40: 5 | I40: 1 | J40: Sudbury | K40: CO10 7LJ | L40: Ballingdon Grove, Middleton Rd, Sudbury CO10 7LJ | M40: 7:30–8:30am or 5–6pm (before/after jobs) | N40: Open map
A41: 40 | B41: A W Hart Limited | C41: Services | D41: 07515 900529 | E41: None | I41: 0 | J41: Beccles | K41: NR34 7DQ | L41: 3 Park Dr, Worlingham, Beccles NR34 7DQ | M41: 7:30–8:30am or 5–6pm (before/after jobs) | N41: Open map
A42: 41 | B42: Busy Lizzy Cleaning | C42: Services | D42: 07713 130518 | E42: None | I42: 0 | J42: Beccles | K42: NR34 9YS | L42: 14 Wembley Ave, Beccles NR34 9YS | M42: 7:30–8:30am or 5–6pm (before/after jobs) | N42: Open map
A43: 42 | B43: Cheeks Commercial Cleaning Services | C43: Services | D43: 07970 015559 | E43: None | I43: 0 | J43: Beccles | K43: NR34 9RT | L43: 20 Marsh View, Beccles NR34 9RT | M43: 7:30–8:30am or 5–6pm (before/after jobs) | N43: Open map
A44: 43 | B44: Spark&Shine | C44: Services | D44: 07549 488243 | E44: None | I44: 0 | J44: Brandon | K44: IP27 0AB | L44: 71 Yew Dr, Brandon IP27 0AB | M44: 7:30–8:30am or 5–6pm (before/after jobs) | N44: Open map
A45: 44 | B45: Cooks pressure washing and window cleaning | C45: Services | D45: 07847 874999 | E45: None | I45: 0 | J45: Eye | K45: IP23 7QR | L45: 7 The Knoll, Redlingfield, Eye IP23 7QR | M45: 7:30–8:30am or 5–6pm (before/after jobs) | N45: Open map
A46: 45 | B46: Clearly Better Window cleaning | C46: Services | D46: 07793 966100 | E46: None | I46: 0 | J46: Felixstowe | K46: IP11 9BT | L46: 91 Seaton Rd, Felixstowe IP11 9BT | M46: 7:30–8:30am or 5–6pm (before/after jobs) | N46: Open map
A47: 46 | B47: Nezerel Resources Limited | C47: Services | D47: 07940 243893 | E47: None | I47: 0 | J47: Haverhill | K47: CB9 0DL | L47: The Glebe, Haverhill CB9 0DL | M47: 7:30–8:30am or 5–6pm (before/after jobs) | N47: Open map
A48: 47 | B48: CHC window cleaning | C48: Services | D48: 07340 672200 | E48: None | I48: 0 | J48: Ipswich | K48: IP7 5DS | L48: 15 Toppesfield Gardens, Hadleigh, Ipswich IP7 5DS | M48: 7:30–8:30am or 5–6pm (before/after jobs) | N48: Open map
A49: 48 | B49: SHM Cleaning Services | C49: Services | D49: 07469 931174 | E49: None | I49: 0 | J49: Leiston | K49: IP16 4DN | L49: Haylings Rd, Leiston IP16 4DN | M49: 7:30–8:30am or 5–6pm (before/after jobs) | N49: Open map
A50: 49 | B50: Kathy's Cleaning Services | C50: Services | D50: 07548 627682 | E50: None | I50: 0 | J50: Lowestoft | K50: NR32 4JQ | L50: 49 Westhall Rd, Lowestoft NR32 4JQ | M50: 7:30–8:30am or 5–6pm (before/after jobs) | N50: Open map
A51: 50 | B51: Larkss Cleaning | C51: Services | D51: 07488 337450 | E51: None | I51: 0 | J51: Lowestoft | K51: NR33 9JG | L51: 44 Aspinall Cl, Lowestoft NR33 9JG | M51: 7:30–8:30am or 5–6pm (before/after jobs) | N51: Open map
A52: 51 | B52: Pure window cleaning solutions | C52: Services | D52: 07749 303863 | E52: None | I52: 0 | J52: Lowestoft | K52: NR32 3BS | L52: Marlborough Rd, Lowestoft NR32 3BS | M52: 7:30–8:30am or 5–6pm (before/after jobs) | N52: Open map
... A56: 55 | B56: Pure Clean | C56: Services | D56: 07966 690368 | E56: None | I56: 0 | J56: Woodbridge | K56: IP12 1SD | L56: 57 Melton Grange Rd, Melton, Woodbridge IP12 1SD | M56: 7:30–8:30am or 5–6pm (before/after jobs) | N56: Open map
A57: 56 | B57: Quality Clean | C57: Laundry | D57: 01394 385220 | E57: None | H57: 4.2 | I57: 13 | J57: Woodbridge | K57: IP12 1AA | L57: 13 Thoroughfare, Woodbridge IP12 1AA | M57: 7:30–8:30am or 5–6pm (before/after jobs) | N57: Open map
A58: 57 | B58: Glance Cleaning Services Ltd | C58: Services | D58: 01223 603605 | E58: None | H58: 4.2 | I58: 10 | J58: Newmarket | K58: CB8 7SG | L58: 5, kings court, Willie Snaith Rd, Newmarket CB8 7SG | M58: 7:30–8:30am or 5–6pm (before/after jobs) | N58: Open map
A59: 58 | B59: Ipswich Window Cleaner | C59: Services | D59: 07956 222781 | E59: None | G59: Similar name has a site, check: http://windowcleaneripswich.co.uk/ | H59: 4.9 | I59: 8 | J59: Ipswich | K59: IP3 0QN | L59: 54 Mersey Rd, Ipswich IP3 0QN | M59: 7:30–8:30am or 5–6pm (before/after jobs) | N59: Open map
A60: 59 | B60: Bury St Edmunds cleaners specialised in deep clean, end of tenancy cleaning, after builders cleaning | C60: Services | D60: 01284 599840 | E60: Social / booking page only | F60: https://www.facebook.com/BuryStEdmundsEndOfTenancyAfterBuildingCleaning | H60: 5 | I60: 3 | J60: Bury Saint Edmunds | K60: IP32 6TF | L60: 42 Warwick Dr, Bury St Edmunds, Bury Saint Edmunds IP32 6TF | M60: 7:30–8:30am or 5–6pm (before/after jobs) | N60: Open map
A61: 60 | B61: Coastal Cleaning Co (Felixstowe) Limited | C61: Services | D61: 01394 211979 | E61: None | H61: 3.7 | I61: 3 | J61: Felixstowe | K61: IP11 9QY | L61: 20 Spriteshall Ln, Trimley St Mary, Felixstowe IP11 9QY | M61: 7:30–8:30am or 5–6pm (before/after jobs) | N61: Open map
A62: 61 | B62: Kerrie's Cleaning Services | C62: Services | D62: 01842 819888 | E62: None | H62: 3 | I62: 2 | J62: Brandon | K62: IP27 0PD | L62: 8, Beaumont Court, Twickenham Ave, Brandon IP27 0PD | M62: 7:30–8:30am or 5–6pm (before/after jobs) | N62: Open map
A63: 62 | B63: All About Grime | C63: Services | D63: 07561 235277 | E63: None | G63: Possible branch site, check: http://www.allaboutyouipswich.co.uk/ | H63: 5 | I63: 1 | J63: Felixstowe | K63: IP11 2TP | L63: 28 Adastral Cl, Felixstowe IP11 2TP | M63: 7:30–8:30am or 5–6pm (before/after jobs) | N63: Open map
A64: 63 | B64: Spindlewood Cleaning Services | C64: Services | D64: 01986 784677 | E64: None | H64: 1 | I64: 1 | J64: Halesworth | K64: IP19 9AG | L64: Halesworth IP19 9AG | M64: 7:30–8:30am or 5–6pm (before/after jobs) | N64: Open map
A65: 64 | B65: Window Cleaning By Garnhams | C65: Services | D65: 07917 640649 | E65: None | G65: Possible branch site, check: http://www.the-window-cleaning-company.co.uk/ | H65: 5 | I65: 1 | J65: Ipswich | K65: IP5 1AQ | L65: 11 Main Rd, Kesgrave, Ipswich IP5 1AQ | M65: 7:30–8:30am or 5–6pm (before/after jobs) | N65: Open map
A66: 65 | B66: Amethyst Cleaning | C66: Services | D66: 01502 716763 | E66: None | I66: 0 | J66: Beccles | K66: NR34 8TR | L66: 4 Wash Ln, Darby Rd, Beccles NR34 8TR | M66: 7:30–8:30am or 5–6pm (before/after jobs) | N66: Open map
A67: 66 | B67: Gi Clean | C67: Services | D67: 01638 515100 | E67: None | I67: 0 | J67: Brandon | K67: IP27 0DB | L67: 94 Thetford Rd, Brandon IP27 0DB | M67: 7:30–8:30am or 5–6pm (before/after jobs) | N67: Open map
A68: 67 | B68: Aquaclear Felixstowe Window Cleaner | C68: Services | D68: 01394 277376 | E68: None | I68: 0 | J68: Felixstowe | K68: IP11 0YH | L68: 10 Drover's Ct, Trimley St Mary, Felixstowe IP11 0YH | M68: 7:30–8:30am or 5–6pm (before/after jobs) | N68: Open map
A69: 68 | B69: Shevlin Glen | C69: Services | D69: 01728 832205 | E69: None | I69: 0 | J69: Leiston | K69: IP16 4HA | L69: 2 Buller Rd, Leiston IP16 4HA | M69: 7:30–8:30am or 5–6pm (before/after jobs) | N69: Open map
A70: 69 | B70: Cleaners Direct Suffolk | C70: Services | D70: 01449 516154 | E70: None | I70: 0 | J70: Stowmarket | K70: IP14 1GB | L70: Byron Cl, Stowmarket IP14 1GB | M70: 7:30–8:30am or 5–6pm (before/after jobs) | N70: Open map
A71: 70 | B71: GECS Cleaning | C71: Services | D71: 01449 781603 | E71: None | I71: 0 | J71: Stowmarket | K71: IP14 4SQ | L71: 3 Church View, Wyverstone, Stowmarket IP14 4SQ | M71: 7:30–8:30am or 5–6pm (before/after jobs) | N71: Open map
A72: 71 | B72: Helping Hands Cleaning Services | C72: Services | D72: 01449 745685 | E72: None | G72: Possible branch site, check: https://www.helpinghandsplumbing.co.uk/ | I72: 0 | J72: Stowmarket | K72: IP14 5UG | L72: 15 Shearwater Way, Stowmarket IP14 5UG | M72: 7:30–8:30am or 5–6pm (before/after jobs) | N72: Open map

Sheet Gardening & landscaping
A1: Rank | B1: Business name | C1: Category | D1: Phone | E1: Website status | F1: Website | G1: Check first | H1: Rating | I1: Reviews | J1: Town | K1: Postcode | L1: Address | M1: Best time to call | N1: Google Maps | O1: Checked no website? (Y/N) | P1: Called (date) | Q1: Outcome | R1: Notes
A2: 1 | B2: Bramble & Nettle Gardening Services | C2: General Contractor | D2: 07932 438146 | E2: None | H2: 4.9 | I2: 46 | J2: Ipswich | K2: IP8 3UF | L2: Pinewood, Ipswich IP8 3UF | M2: 7:30–8:30am or 5–6pm (before/after jobs) | N2: Open map
A3: 2 | B3: JTW Gardens | C3: General Contractor | D3: 07597 359447 | E3: None | H3: 5 | I3: 35 | J3: Lowestoft | K3: NR33 9EP | L3: 40 Elm Tree Rd W, Lowestoft NR33 9EP | M3: 7:30–8:30am or 5–6pm (before/after jobs) | N3: Open map
A4: 3 | B4: Blackthorn Groundskeeping | C4: General Contractor | D4: 07592 403537 | E4: None | H4: 5 | I4: 28 | J4: Ipswich | K4: IP7 6QW | L4: The St, Whatfield, Ipswich IP7 6QW | M4: 7:30–8:30am or 5–6pm (before/after jobs) | N4: Open map
A5: 4 | B5: Owens Landscape&Gardening | C5: General Contractor | D5: 07763 698313 | E5: None | H5: 5 | I5: 17 | J5: Leiston | K5: IP16 4BE | L5: 52 Seaward Ave, Leiston IP16 4BE | M5: 7:30–8:30am or 5–6pm (before/after jobs) | N5: Open map
A6: 5 | B6: Greenleaf garden services | C6: General Contractor | D6: 07920 866352 | E6: None | H6: 4.8 | I6: 16 | J6: Ipswich | K6: IP4 5LA | L6: Britannia Rd, Ipswich IP4 5LA | M6: 7:30–8:30am or 5–6pm (before/after jobs) | N6: Open map
A7: 6 | B7: A.S.P landscapes & Rustic edges | C7: General Contractor | D7: 07904 890110 | E7: None | H7: 5 | I7: 13 | J7: Haverhill | K7: CB9 0AX | L7: 7 Linton place, Haverhill CB9 0AX | M7: 7:30–8:30am or 5–6pm (before/after jobs) | N7: Open map
A8: 7 | B8: Tjs Tree and Garden Services ltd | C8: Services | D8: 07400 921050 | E8: None | H8: 5 | I8: 12 | J8: Ipswich | K8: IP1 5NU | L8: 3 West Meadows, Ipswich IP1 5NU | M8: 7:30–8:30am or 5–6pm (before/after jobs) | N8: Open map
A9: 8 | B9: Rice Landscapes | C9: General Contractor | D9: 07919 357520 | E9: None | H9: 5 | I9: 12 | J9: Sudbury | K9: CO10 7SQ | L9: 8 Orchard Way, Glemsford, Sudbury CO10 7SQ | M9: 7:30–8:30am or 5–6pm (before/after jobs) | N9: Open map
A10: 9 | B10: JDT Garden Services | C10: General Contractor | D10: 07584 328698 | E10: None | H10: 5 | I10: 11 | J10: Ipswich | K10: IP1 2DA | L10: Portman Rd, Ipswich IP1 2DA | M10: 7:30–8:30am or 5–6pm (before/after jobs) | N10: Open map
A11: 10 | B11: Property & Garden Reset Services. | C11: General Contractor | D11: 07788 738325 | E11: None | H11: 5 | I11: 11 | J11: Ipswich | K11: IP9 2GA | L11: 5 Berners Fld, Holbrook, Ipswich IP9 2GA | M11: 7:30–8:30am or 5–6pm (before/after jobs) | N11: Open map
A12: 11 | B12: BR Solutions | C12: General Contractor | D12: 07852 413628 | E12: None | H12: 5 | I12: 6 | J12: Lowestoft | K12: NR33 8UB | L12: 25, Carlton Colville, Lowestoft NR33 8UB | M12: 7:30–8:30am or 5–6pm (before/after jobs) | N12: Open map
A13: 12 | B13: Buds and Blossom | C13: General Contractor | D13: 07763 350442 | E13: None | H13: 5 | I13: 4 | J13: Ipswich | K13: IP3 8PG | L13: 74 Bixley Rd, Ipswich IP3 8PG | M13: 7:30–8:30am or 5–6pm (before/after jobs) | N13: Open map
... A37: 36 | B37: Essex and Suffolk Garden Services | C37: General Contractor | D37: 01787 371441 | E37: None | H37: 5 | I37: 3 | J37: Sudbury | K37: CO10 0JB | L37: Kelryan House, 5 Red House Ln, Great Cornard, Sudbury CO10 0JB | M37: 7:30–8:30am or 5–6pm (before/after jobs) | N37: Open map
A38: 37 | B38: F R Trees and Hedges | C38: Services | D38: 07407 403755 | E38: Social / booking page only | F38: https://www.facebook.com/profile.php?id=100063143234076 | H38: 5 | I38: 3 | J38: Woodbridge | K38: IP13 9HD | L38: King's Ave, Framlingham, Woodbridge IP13 9HD | M38: 7:30–8:30am or 5–6pm (before/after jobs) | N38: Open map
A39: 38 | B39: L & R Garden Services | C39: General Contractor | D39: 01986 781537 | E39: None | H39: 5 | I39: 2 | J39: Beccles | K39: NR34 8NN | L39: Top Rd, Ilketshall St Andrew, Beccles NR34 8NN | M39: 7:30–8:30am or 5–6pm (before/after jobs) | N39: Open map
A40: 39 | B40: T & P Garden Services | C40: General Contractor | D40: 01502 715658 | E40: None | H40: 5 | I40: 2 | J40: Beccles | K40: NR34 9PU | L40: 16 St Andrew's Rd, Beccles NR34 9PU | M40: 7:30–8:30am or 5–6pm (before/after jobs) | N40: Open map
A41: 40 | B41: Red Kite Landscapes | C41: General Contractor | D41: 07943 014537 | E41: Social / booking page only | F41: https://www.instagram.com/redkitelandscapes?igsh=MXM0ZmdmbTc2Zm9hOA==&utm_source=qr | H41: 5 | I41: 2 | J41: Ipswich | K41: IP7 6GR | L41: 4 Rustes Place, Hadleigh, Ipswich IP7 6GR | M41: 7:30–8:30am or 5–6pm (before/after jobs) | N41: Open map
A42: 41 | B42: Housedad Garden & Home Services | C42: General Contractor | D42: 07947 113195 | E42: None | H42: 3 | I42: 2 | J42: Lowestoft | K42: NR33 8GE | L42: 15 Thornycroft Gardens, Carlton Colville, Lowestoft NR33 8GE | M42: 7:30–8:30am or 5–6pm (before/after jobs) | N42: Open map
A43: 42 | B43: Peter`s Gardening Service | C43: General Contractor | D43: 07456 006859 | E43: None | H43: 3 | I43: 2 | J43: Sudbury | K43: CO10 0RQ | L43: 2 Carbonels, Great Waldingfield, Sudbury CO10 0RQ | M43: 7:30–8:30am or 5–6pm (before/after jobs) | N43: Open map
